fixture_id,date,gameweek,home_team,away_team,season,tag,player_id
1,2019-05-12,38,FUL,NEW,1819,latest,
2,2019-05-12,38,LIV,WOL,1819,latest,
3,2019-05-12,38,TOT,EVE,1819,latest,
4,2019-05-12,38,MUN,CAR,1819,latest,
5,2019-05-12,38,LEI,CHE,1819,latest,
6,2019-05-12,38,BUR,ARS,1819,latest,
7,2019-05-12,38,SOU,HUD,1819,latest,
8,2019-05-12,38,CRY,BOU,1819,latest,
9,2019-05-12,38,BHA,MCI,1819,latest,
10,2019-05-12,38,WAT,WHU,1819,latest,
11,2019-05-06,37,MCI,LEI,1819,latest,
12,2019-05-05,37,CHE,WAT,1819,latest,
13,2019-05-05,37,HUD,MUN,1819,latest,
14,2019-05-05,37,ARS,BHA,1819,latest,
15,2019-05-04,37,BOU,TOT,1819,latest,
16,2019-05-04,37,WOL,FUL,1819,latest,
17,2019-05-04,37,WHU,SOU,1819,latest,
18,2019-05-04,37,CAR,CRY,1819,latest,
19,2019-05-04,37,NEW,LIV,1819,latest,
20,2019-05-03,37,EVE,BUR,1819,latest,
21,2019-04-28,36,LEI,ARS,1819,latest,
22,2019-04-28,36,BUR,MCI,1819,latest,
23,2019-04-28,36,MUN,CHE,1819,latest,
24,2019-04-27,36,TOT,WHU,1819,latest,
25,2019-04-27,36,FUL,CAR,1819,latest,
26,2019-04-27,36,SOU,BOU,1819,latest,
27,2019-04-27,36,CRY,EVE,1819,latest,
28,2019-04-27,36,WAT,WOL,1819,latest,
29,2019-04-27,36,BHA,NEW,1819,latest,
30,2019-04-26,36,LIV,HUD,1819,latest,
31,2019-04-24,35,WOL,ARS,1819,latest,
32,2019-04-24,35,MUN,MCI,1819,latest,
33,2019-04-23,35,WAT,SOU,1819,latest,
34,2019-04-23,35,TOT,BHA,1819,latest,
35,2019-04-22,35,CHE,BUR,1819,latest,
36,2019-04-21,35,EVE,MUN,1819,latest,
37,2019-04-21,35,ARS,CRY,1819,latest,
38,2019-04-21,35,CAR,LIV,1819,latest,
39,2019-04-20,35,MCI,TOT,1819,latest,
40,2019-04-20,35,WOL,BHA,1819,latest,
41,2019-04-20,35,HUD,WAT,1819,latest,
42,2019-04-20,35,WHU,LEI,1819,latest,
43,2019-04-20,35,BOU,FUL,1819,latest,
44,2019-04-20,35,NEW,SOU,1819,latest,
45,2019-04-16,34,BHA,CAR,1819,latest,
46,2019-04-15,34,WAT,ARS,1819,latest,
47,2019-04-14,34,CRY,MCI,1819,latest,
48,2019-04-14,34,LIV,CHE,1819,latest,
49,2019-04-13,34,TOT,HUD,1819,latest,
50,2019-04-13,34,FUL,EVE,1819,latest,
51,2019-04-13,34,BUR,CAR,1819,latest,
52,2019-04-13,34,SOU,WOL,1819,latest,
53,2019-04-13,34,BHA,BOU,1819,latest,
54,2019-04-13,34,MUN,WHU,1819,latest,
55,2019-04-12,34,LEI,NEW,1819,latest,
56,2019-04-08,33,CHE,WHU,1819,latest,
57,2019-04-07,33,EVE,ARS,1819,latest,
58,2019-04-06,33,NEW,CRY,1819,latest,
59,2019-04-06,33,HUD,LEI,1819,latest,
60,2019-04-06,33,BOU,BUR,1819,latest,
61,2019-04-05,33,SOU,LIV,1819,latest,
62,2019-04-03,32,CHE,BHA,1819,latest,
63,2019-04-03,32,TOT,CRY,1819,latest,
64,2019-04-03,32,MCI,CAR,1819,latest,
65,2019-04-02,32,WOL,MUN,1819,latest,
66,2019-04-02,32,WAT,FUL,1819,latest,
67,2019-04-01,32,ARS,NEW,1819,latest,
68,2019-03-31,32,CAR,CHE,1819,latest,
69,2019-03-31,32,LIV,TOT,1819,latest,
70,2019-03-30,32,FUL,MCI,1819,latest,
71,2019-03-30,32,MUN,WAT,1819,latest,
72,2019-03-30,32,LEI,BOU,1819,latest,
73,2019-03-30,32,BUR,WOL,1819,latest,
74,2019-03-30,32,CRY,HUD,1819,latest,
75,2019-03-30,32,BHA,SOU,1819,latest,
76,2019-03-30,32,WHU,EVE,1819,latest,
77,2019-03-17,31,FUL,LIV,1819,latest,
78,2019-03-17,31,EVE,CHE,1819,latest,
79,2019-03-16,31,BUR,LEI,1819,latest,
80,2019-03-16,31,WHU,HUD,1819,latest,
81,2019-03-16,31,BOU,NEW,1819,latest,
82,2019-03-10,30,LIV,BUR,1819,latest,
83,2019-03-10,30,CHE,WOL,1819,latest,
84,2019-03-10,30,ARS,MUN,1819,latest,
85,2019-03-09,30,CRY,BHA,1819,latest,
86,2019-03-09,30,NEW,EVE,1819,latest,
87,2019-03-09,30,LEI,FUL,1819,latest,
88,2019-03-09,30,HUD,BOU,1819,latest,
89,2019-03-09,30,CAR,WHU,1819,latest,
90,2019-03-09,30,SOU,TOT,1819,latest,
91,2019-03-09,30,MCI,WAT,1819,latest,
92,2019-03-03,29,WAT,LEI,1819,latest,
93,2019-03-03,29,FUL,CHE,1819,latest,
94,2019-03-03,29,EVE,LIV,1819,latest,
95,2019-03-02,29,TOT,ARS,1819,latest,
96,2019-03-02,29,WOL,CAR,1819,latest,
97,2019-03-02,29,MUN,SOU,1819,latest,
98,2019-03-02,29,BUR,CRY,1819,latest,
99,2019-03-02,29,BHA,HUD,1819,latest,
100,2019-03-02,29,BOU,MCI,1819,latest,
101,2019-03-02,29,WHU,NEW,1819,latest,
102,2019-02-27,28,ARS,BOU,1819,latest,
103,2019-02-27,28,SOU,FUL,1819,latest,
104,2019-02-27,28,CRY,MUN,1819,latest,
105,2019-02-27,28,LIV,WAT,1819,latest,
106,2019-02-27,28,MCI,WHU,1819,latest,
107,2019-02-27,28,CHE,TOT,1819,latest,
108,2019-02-26,28,LEI,BHA,1819,latest,
109,2019-02-26,28,HUD,WOL,1819,latest,
110,2019-02-26,28,CAR,EVE,1819,latest,
111,2019-02-26,28,NEW,BUR,1819,latest,
112,2019-02-24,27,ARS,SOU,1819,latest,
113,2019-02-24,27,MUN,LIV,1819,latest,
114,2019-02-23,27,BUR,TOT,1819,latest,
115,2019-02-23,27,NEW,HUD,1819,latest,
116,2019-02-23,27,BOU,WOL,1819,latest,
117,2019-02-23,27,LEI,CRY,1819,latest,
118,2019-02-22,27,CAR,WAT,1819,latest,
119,2019-02-22,27,WHU,FUL,1819,latest,
120,2019-02-11,26,WOL,NEW,1819,latest,
121,2019-02-10,26,TOT,LEI,1819,latest,
122,2019-02-10,26,MCI,CHE,1819,latest,
123,2019-02-09,26,FUL,MUN,1819,latest,
124,2019-02-09,26,LIV,BOU,1819,latest,
125,2019-02-09,26,HUD,ARS,1819,latest,
126,2019-02-09,26,SOU,CAR,1819,latest,
127,2019-02-09,26,CRY,WHU,1819,latest,
128,2019-02-09,26,WAT,EVE,1819,latest,
129,2019-02-09,26,BHA,BUR,1819,latest,
130,2019-02-06,25,EVE,MCI,1819,latest,
131,2019-02-04,25,WHU,LIV,1819,latest,
132,2019-02-03,25,LEI,MUN,1819,latest,
133,2019-02-03,25,MCI,ARS,1819,latest,
134,2019-02-02,25,TOT,NEW,1819,latest,
135,2019-02-02,25,CHE,HUD,1819,latest,
136,2019-02-02,25,EVE,WOL,1819,latest,
137,2019-02-02,25,BUR,SOU,1819,latest,
138,2019-02-02,25,CRY,FUL,1819,latest,
139,2019-02-02,25,BHA,WAT,1819,latest,
140,2019-02-02,25,CAR,BOU,1819,latest,
141,2019-01-30,24,BOU,CHE,1819,latest,
142,2019-01-30,24,SOU,CRY,1819,latest,
143,2019-01-30,24,LIV,LEI,1819,latest,
144,2019-01-30,24,TOT,WAT,1819,latest,
145,2019-01-29,24,WOL,WHU,1819,latest,
146,2019-01-29,24,FUL,BHA,1819,latest,
147,2019-01-29,24,ARS,CAR,1819,latest,
148,2019-01-29,24,HUD,EVE,1819,latest,
149,2019-01-29,24,MUN,BUR,1819,latest,
150,2019-01-29,24,NEW,MCI,1819,latest,
151,2019-01-20,23,HUD,MCI,1819,latest,
152,2019-01-20,23,FUL,TOT,1819,latest,
153,2019-01-19,23,WOL,LEI,1819,latest,
154,2019-01-19,23,LIV,CRY,1819,latest,
155,2019-01-19,23,NEW,CAR,1819,latest,
156,2019-01-19,23,MUN,BHA,1819,latest,
157,2019-01-19,23,SOU,EVE,1819,latest,
158,2019-01-19,23,WAT,BUR,1819,latest,
159,2019-01-19,23,BOU,WHU,1819,latest,
160,2019-01-19,23,ARS,CHE,1819,latest,
161,2019-01-14,22,MCI,WOL,1819,latest,
162,2019-01-13,22,EVE,BOU,1819,latest,
163,2019-01-13,22,TOT,MUN,1819,latest,
164,2019-01-12,22,WHU,ARS,1819,latest,
165,2019-01-12,22,LEI,SOU,1819,latest,
166,2019-01-12,22,BUR,FUL,1819,latest,
167,2019-01-12,22,CAR,HUD,1819,latest,
168,2019-01-12,22,CRY,WAT,1819,latest,
169,2019-01-12,22,BHA,LIV,1819,latest,
170,2019-01-12,22,CHE,NEW,1819,latest,
171,2019-01-03,21,MCI,LIV,1819,latest,
172,2019-01-02,21,WOL,CRY,1819,latest,
173,2019-01-02,21,CHE,SOU,1819,latest,
174,2019-01-02,21,HUD,BUR,1819,latest,
175,2019-01-02,21,WHU,BHA,1819,latest,
176,2019-01-02,21,BOU,WAT,1819,latest,
177,2019-01-02,21,NEW,MUN,1819,latest,
178,2019-01-01,21,EVE,LEI,1819,latest,
179,2019-01-01,21,ARS,FUL,1819,latest,
180,2019-01-01,21,CAR,TOT,1819,latest,
181,2018-12-30,20,CRY,CHE,1819,latest,
182,2018-12-30,20,BUR,WHU,1819,latest,
183,2018-12-30,20,SOU,MCI,1819,latest,
184,2018-12-30,20,MUN,BOU,1819,latest,
185,2018-12-29,20,LEI,CAR,1819,latest,
186,2018-12-29,20,BHA,EVE,1819,latest,
187,2018-12-29,20,WAT,NEW,1819,latest,
188,2018-12-29,20,FUL,HUD,1819,latest,
189,2018-12-29,20,TOT,WOL,1819,latest,
190,2018-12-29,20,LIV,ARS,1819,latest,
191,2018-12-27,19,SOU,WHU,1819,latest,
192,2018-12-26,19,FUL,WOL,1819,latest,
193,2018-12-26,19,LIV,NEW,1819,latest,
194,2018-12-26,19,TOT,BOU,1819,latest,
195,2018-12-26,19,MUN,HUD,1819,latest,
196,2018-12-26,19,LEI,MCI,1819,latest,
197,2018-12-26,19,BUR,EVE,1819,latest,
198,2018-12-26,19,CRY,CAR,1819,latest,
199,2018-12-26,19,BHA,ARS,1819,latest,
200,2018-12-26,19,WAT,CHE,1819,latest,
201,2018-12-23,18,EVE,TOT,1819,latest,
202,2018-12-22,18,ARS,BUR,1819,latest,
203,2018-12-22,18,MCI,CRY,1819,latest,
204,2018-12-22,18,NEW,FUL,1819,latest,
205,2018-12-22,18,CHE,LEI,1819,latest,
206,2018-12-22,18,HUD,SOU,1819,latest,
207,2018-12-22,18,WHU,WAT,1819,latest,
208,2018-12-22,18,BOU,BHA,1819,latest,
209,2018-12-22,18,CAR,MUN,1819,latest,
210,2018-12-21,18,WOL,LIV,1819,latest,
211,2018-12-16,17,SOU,ARS,1819,latest,
212,2018-12-16,17,BHA,CHE,1819,latest,
213,2018-12-16,17,LIV,MUN,1819,latest,
214,2018-12-15,17,MCI,EVE,1819,latest,
215,2018-12-15,17,WOL,BOU,1819,latest,
216,2018-12-15,17,TOT,BUR,1819,latest,
217,2018-12-15,17,HUD,NEW,1819,latest,
218,2018-12-15,17,CRY,LEI,1819,latest,
219,2018-12-15,17,WAT,CAR,1819,latest,
220,2018-12-15,17,FUL,WHU,1819,latest,
221,2018-12-10,16,EVE,WAT,1819,latest,
222,2018-12-09,16,NEW,WOL,1819,latest,
223,2018-12-08,16,BOU,LIV,1819,latest,
224,2018-12-08,16,ARS,HUD,1819,latest,
225,2018-12-08,16,MUN,FUL,1819,latest,
226,2018-12-08,16,BUR,BHA,1819,latest,
227,2018-12-08,16,CAR,SOU,1819,latest,
228,2018-12-08,16,WHU,CRY,1819,latest,
229,2018-12-08,16,CHE,MCI,1819,latest,
230,2018-12-08,16,LEI,TOT,1819,latest,
231,2018-12-05,15,WOL,CHE,1819,latest,
232,2018-12-05,15,FUL,LEI,1819,latest,
233,2018-12-05,15,BUR,LIV,1819,latest,
234,2018-12-05,15,EVE,NEW,1819,latest,
235,2018-12-05,15,MUN,ARS,1819,latest,
236,2018-12-05,15,TOT,SOU,1819,latest,
237,2018-12-04,15,WHU,CAR,1819,latest,
238,2018-12-04,15,BHA,CRY,1819,latest,
239,2018-12-04,15,BOU,HUD,1819,latest,
240,2018-12-04,15,WAT,MCI,1819,latest,
241,2018-12-02,14,CHE,FUL,1819,latest,
242,2018-12-02,14,ARS,TOT,1819,latest,
243,2018-12-02,14,LIV,EVE,1819,latest,
244,2018-12-01,14,MCI,BOU,1819,latest,
245,2018-12-01,14,NEW,WHU,1819,latest,
246,2018-12-01,14,LEI,WAT,1819,latest,
247,2018-12-01,14,HUD,BHA,1819,latest,
248,2018-12-01,14,CRY,BUR,1819,latest,
249,2018-12-01,14,SOU,MUN,1819,latest,
250,2018-11-30,14,CAR,WOL,1819,latest,
251,2018-11-26,13,BUR,NEW,1819,latest,
252,2018-11-25,13,BOU,ARS,1819,latest,
253,2018-11-25,13,WOL,HUD,1819,latest,
254,2018-11-24,13,FUL,SOU,1819,latest,
255,2018-11-24,13,EVE,CAR,1819,latest,
256,2018-11-24,13,MUN,CRY,1819,latest,
257,2018-11-24,13,WHU,MCI,1819,latest,
258,2018-11-24,13,BHA,LEI,1819,latest,
259,2018-11-24,13,WAT,LIV,1819,latest,
260,2018-11-24,13,TOT,CHE,1819,latest,
261,2018-11-11,12,LIV,FUL,1819,latest,
262,2018-11-11,12,CHE,EVE,1819,latest,
263,2018-11-11,12,MCI,MUN,1819,latest,
264,2018-11-11,12,ARS,WOL,1819,latest,
265,2018-11-10,12,CAR,BHA,1819,latest,
266,2018-11-10,12,NEW,BOU,1819,latest,
267,2018-11-10,12,LEI,BUR,1819,latest,
268,2018-11-10,12,HUD,WHU,1819,latest,
269,2018-11-10,12,SOU,WAT,1819,latest,
270,2018-11-10,12,CRY,TOT,1819,latest,
271,2018-11-05,11,HUD,FUL,1819,latest,
272,2018-11-04,11,MCI,SOU,1819,latest,
273,2018-11-04,11,CHE,CRY,1819,latest,
274,2018-11-03,11,BOU,MUN,1819,latest,
275,2018-11-03,11,NEW,WAT,1819,latest,
276,2018-11-03,11,EVE,BHA,1819,latest,
277,2018-11-03,11,CAR,LEI,1819,latest,
278,2018-11-03,11,WHU,BUR,1819,latest,
279,2018-11-03,11,ARS,LIV,1819,latest,
280,2018-11-03,11,WOL,TOT,1819,latest,
281,2018-10-29,10,TOT,MCI,1819,latest,
282,2018-10-28,10,BUR,CHE,1819,latest,
283,2018-10-28,10,CRY,ARS,1819,latest,
284,2018-10-28,10,MUN,EVE,1819,latest,
285,2018-10-27,10,FUL,BOU,1819,latest,
286,2018-10-27,10,LIV,CAR,1819,latest,
287,2018-10-27,10,SOU,NEW,1819,latest,
288,2018-10-27,10,BHA,WOL,1819,latest,
289,2018-10-27,10,WAT,HUD,1819,latest,
290,2018-10-27,10,LEI,WHU,1819,latest,
291,2018-10-22,9,ARS,LEI,1819,latest,
292,2018-10-21,9,EVE,CRY,1819,latest,
293,2018-10-20,9,CHE,MUN,1819,latest,
294,2018-10-20,9,WOL,WAT,1819,latest,
295,2018-10-20,9,MCI,BUR,1819,latest,
296,2018-10-20,9,NEW,BHA,1819,latest,
297,2018-10-20,9,CAR,FUL,1819,latest,
298,2018-10-20,9,WHU,TOT,1819,latest,
299,2018-10-20,9,BOU,SOU,1819,latest,
300,2018-10-20,9,HUD,LIV,1819,latest,
301,2018-10-07,8,FUL,ARS,1819,latest,
302,2018-10-07,8,SOU,CHE,1819,latest,
303,2018-10-07,8,LIV,MCI,1819,latest,
304,2018-10-06,8,TOT,CAR,1819,latest,
305,2018-10-06,8,LEI,EVE,1819,latest,
306,2018-10-06,8,BUR,HUD,1819,latest,
307,2018-10-06,8,CRY,WOL,1819,latest,
308,2018-10-06,8,WAT,BOU,1819,latest,
309,2018-10-06,8,MUN,NEW,1819,latest,
310,2018-10-05,8,BHA,WHU,1819,latest,
311,2018-10-01,7,BOU,CRY,1819,latest,
312,2018-09-30,7,CAR,BUR,1819,latest,
313,2018-09-29,7,WHU,MUN,1819,latest,
314,2018-09-29,7,WOL,SOU,1819,latest,
315,2018-09-29,7,MCI,BHA,1819,latest,
316,2018-09-29,7,NEW,LEI,1819,latest,
317,2018-09-29,7,ARS,WAT,1819,latest,
318,2018-09-29,7,EVE,FUL,1819,latest,
319,2018-09-29,7,HUD,TOT,1819,latest,
320,2018-09-29,7,CHE,LIV,1819,latest,
321,2018-09-23,6,WHU,CHE,1819,latest,
322,2018-09-23,6,ARS,EVE,1819,latest,
323,2018-09-22,6,FUL,WAT,1819,latest,
324,2018-09-22,6,LIV,SOU,1819,latest,
325,2018-09-22,6,MUN,WOL,1819,latest,
326,2018-09-22,6,LEI,HUD,1819,latest,
327,2018-09-22,6,BUR,BOU,1819,latest,
328,2018-09-22,6,CAR,MCI,1819,latest,
329,2018-09-22,6,CRY,NEW,1819,latest,
330,2018-09-22,6,BHA,TOT,1819,latest,
331,2018-09-17,5,SOU,BHA,1819,latest,
332,2018-09-16,5,WOL,BUR,1819,latest,
333,2018-09-16,5,EVE,WHU,1819,latest,
334,2018-09-15,5,TOT,LIV,1819,latest,
335,2018-09-15,5,MCI,FUL,1819,latest,
336,2018-09-15,5,NEW,ARS,1819,latest,
337,2018-09-15,5,CHE,CAR,1819,latest,
338,2018-09-15,5,HUD,CRY,1819,latest,
339,2018-09-15,5,BOU,LEI,1819,latest,
340,2018-09-15,5,WAT,MUN,1819,latest,
341,2018-09-02,4,CAR,ARS,1819,latest,
342,2018-09-02,4,BUR,MUN,1819,latest,
343,2018-09-02,4,WAT,TOT,1819,latest,
344,2018-09-01,4,LEI,LIV,1819,latest,
345,2018-09-01,4,CHE,BOU,1819,latest,
346,2018-09-01,4,EVE,HUD,1819,latest,
347,2018-09-01,4,WHU,WOL,1819,latest,
348,2018-09-01,4,CRY,SOU,1819,latest,
349,2018-09-01,4,BHA,FUL,1819,latest,
350,2018-09-01,4,MCI,NEW,1819,latest,
351,2018-08-27,3,MUN,TOT,1819,latest,
352,2018-08-26,3,WAT,CRY,1819,latest,
353,2018-08-26,3,FUL,BUR,1819,latest,
354,2018-08-26,3,NEW,CHE,1819,latest,
355,2018-08-25,3,WOL,MCI,1819,latest,
356,2018-08-25,3,ARS,WHU,1819,latest,
357,2018-08-25,3,HUD,CAR,1819,latest,
358,2018-08-25,3,SOU,LEI,1819,latest,
359,2018-08-25,3,BOU,EVE,1819,latest,
360,2018-08-25,3,LIV,BHA,1819,latest,
361,2018-08-20,2,CRY,LIV,1819,latest,
362,2018-08-19,2,MCI,HUD,1819,latest,
363,2018-08-19,2,BUR,WAT,1819,latest,
364,2018-08-19,2,BHA,MUN,1819,latest,
365,2018-08-18,2,CAR,NEW,1819,latest,
366,2018-08-18,2,TOT,FUL,1819,latest,
367,2018-08-18,2,EVE,SOU,1819,latest,
368,2018-08-18,2,LEI,WOL,1819,latest,
369,2018-08-18,2,WHU,BOU,1819,latest,
370,2018-08-18,2,CHE,ARS,1819,latest,
371,2018-08-12,1,LIV,WHU,1819,latest,
372,2018-08-12,1,SOU,BUR,1819,latest,
373,2018-08-12,1,ARS,MCI,1819,latest,
374,2018-08-11,1,NEW,TOT,1819,latest,
375,2018-08-11,1,FUL,CRY,1819,latest,
376,2018-08-11,1,HUD,CHE,1819,latest,
377,2018-08-11,1,WAT,BHA,1819,latest,
378,2018-08-11,1,BOU,CAR,1819,latest,
379,2018-08-11,1,WOL,EVE,1819,latest,
380,2018-08-10,1,MUN,LEI,1819,latest,
381,2018-05-13 00:00:00,38,WHU,EVE,1718,latest,
382,2018-05-13 00:00:00,38,TOT,LEI,1718,latest,
383,2018-05-13 00:00:00,38,SWA,STK,1718,latest,
384,2018-05-13 00:00:00,38,SOU,MCI,1718,latest,
385,2018-05-13 00:00:00,38,NEW,CHE,1718,latest,
386,2018-05-13 00:00:00,38,MUN,WAT,1718,latest,
387,2018-05-13 00:00:00,38,LIV,BHA,1718,latest,
388,2018-05-13 00:00:00,38,HUD,ARS,1718,latest,
389,2018-05-13 00:00:00,38,CRY,WBA,1718,latest,
390,2018-05-13 00:00:00,38,BUR,BOU,1718,latest,
391,2018-05-10 00:00:00,37,WHU,MUN,1718,latest,
392,2018-05-09 00:00:00,37,TOT,NEW,1718,latest,
393,2018-05-09 00:00:00,37,MCI,BHA,1718,latest,
394,2018-05-09 00:00:00,37,LEI,ARS,1718,latest,
395,2018-05-09 00:00:00,37,CHE,HUD,1718,latest,
396,2018-05-08 00:00:00,37,SWA,SOU,1718,latest,
397,2018-05-06 00:00:00,37,CHE,LIV,1718,latest,
398,2018-05-06 00:00:00,37,ARS,BUR,1718,latest,
399,2018-05-06 00:00:00,37,MCI,HUD,1718,latest,
400,2018-05-05 00:00:00,37,EVE,SOU,1718,latest,
401,2018-05-05 00:00:00,37,WBA,TOT,1718,latest,
402,2018-05-05 00:00:00,37,WAT,NEW,1718,latest,
403,2018-05-05 00:00:00,37,LEI,WHU,1718,latest,
404,2018-05-05 00:00:00,37,BOU,SWA,1718,latest,
405,2018-05-05 00:00:00,37,STK,CRY,1718,latest,
406,2018-05-04 00:00:00,37,BHA,MUN,1718,latest,
407,2018-04-30 00:00:00,36,TOT,WAT,1718,latest,
408,2018-04-29 00:00:00,36,MUN,ARS,1718,latest,
409,2018-04-29 00:00:00,36,WHU,MCI,1718,latest,
410,2018-04-28 00:00:00,36,SWA,CHE,1718,latest,
411,2018-04-28 00:00:00,36,SOU,BOU,1718,latest,
412,2018-04-28 00:00:00,36,NEW,WBA,1718,latest,
413,2018-04-28 00:00:00,36,HUD,EVE,1718,latest,
414,2018-04-28 00:00:00,36,CRY,LEI,1718,latest,
415,2018-04-28 00:00:00,36,BUR,BHA,1718,latest,
416,2018-04-28 00:00:00,36,LIV,STK,1718,latest,
417,2018-04-23 00:00:00,35,EVE,NEW,1718,latest,
418,2018-04-22 00:00:00,35,MCI,SWA,1718,latest,
419,2018-04-22 00:00:00,35,STK,BUR,1718,latest,
420,2018-04-22 00:00:00,35,ARS,WHU,1718,latest,
421,2018-04-21 00:00:00,35,WAT,CRY,1718,latest,
422,2018-04-21 00:00:00,35,WBA,LIV,1718,latest,
423,2018-04-19 00:00:00,34,LEI,SOU,1718,latest,
424,2018-04-19 00:00:00,34,BUR,CHE,1718,latest,
425,2018-04-18 00:00:00,34,BOU,MUN,1718,latest,
426,2018-04-17 00:00:00,34,BHA,TOT,1718,latest,
427,2018-04-16 00:00:00,34,WHU,STK,1718,latest,
428,2018-04-15 00:00:00,34,MUN,WBA,1718,latest,
429,2018-04-15 00:00:00,34,NEW,ARS,1718,latest,
430,2018-04-14 00:00:00,34,TOT,MCI,1718,latest,
431,2018-04-14 00:00:00,34,LIV,BOU,1718,latest,
432,2018-04-14 00:00:00,34,SWA,EVE,1718,latest,
433,2018-04-14 00:00:00,34,HUD,WAT,1718,latest,
434,2018-04-14 00:00:00,34,CRY,BHA,1718,latest,
435,2018-04-14 00:00:00,34,BUR,LEI,1718,latest,
436,2018-04-14 00:00:00,34,SOU,CHE,1718,latest,
437,2018-04-08 00:00:00,33,CHE,WHU,1718,latest,
438,2018-04-08 00:00:00,33,ARS,SOU,1718,latest,
439,2018-04-07 00:00:00,33,MCI,MUN,1718,latest,
440,2018-04-07 00:00:00,33,WBA,SWA,1718,latest,
441,2018-04-07 00:00:00,33,WAT,BUR,1718,latest,
442,2018-04-07 00:00:00,33,STK,TOT,1718,latest,
443,2018-04-07 00:00:00,33,LEI,NEW,1718,latest,
444,2018-04-07 00:00:00,33,BHA,HUD,1718,latest,
445,2018-04-07 00:00:00,33,BOU,CRY,1718,latest,
446,2018-04-07 00:00:00,33,EVE,LIV,1718,latest,
447,2018-04-01 00:00:00,32,CHE,TOT,1718,latest,
448,2018-04-01 00:00:00,32,ARS,STK,1718,latest,
449,2018-03-31 00:00:00,32,EVE,MCI,1718,latest,
450,2018-03-31 00:00:00,32,WHU,SOU,1718,latest,
451,2018-03-31 00:00:00,32,WBA,BUR,1718,latest,
452,2018-03-31 00:00:00,32,WAT,BOU,1718,latest,
453,2018-03-31 00:00:00,32,NEW,HUD,1718,latest,
454,2018-03-31 00:00:00,32,MUN,SWA,1718,latest,
455,2018-03-31 00:00:00,32,BHA,LEI,1718,latest,
456,2018-03-31 00:00:00,32,CRY,LIV,1718,latest,
457,2018-03-17 00:00:00,31,LIV,WAT,1718,latest,
458,2018-03-17 00:00:00,31,STK,EVE,1718,latest,
459,2018-03-17 00:00:00,31,HUD,CRY,1718,latest,
460,2018-03-17 00:00:00,31,BOU,WBA,1718,latest,
461,2018-03-12 00:00:00,30,STK,MCI,1718,latest,
462,2018-03-11 00:00:00,30,BOU,TOT,1718,latest,
463,2018-03-11 00:00:00,30,ARS,WAT,1718,latest,
464,2018-03-10 00:00:00,30,CHE,CRY,1718,latest,
465,2018-03-10 00:00:00,30,WHU,BUR,1718,latest,
466,2018-03-10 00:00:00,30,WBA,LEI,1718,latest,
467,2018-03-10 00:00:00,30,NEW,SOU,1718,latest,
468,2018-03-10 00:00:00,30,HUD,SWA,1718,latest,
469,2018-03-10 00:00:00,30,EVE,BHA,1718,latest,
470,2018-03-10 00:00:00,30,MUN,LIV,1718,latest,
471,2018-03-05 00:00:00,29,CRY,MUN,1718,latest,
472,2018-03-04 00:00:00,29,MCI,CHE,1718,latest,
473,2018-03-04 00:00:00,29,BHA,ARS,1718,latest,
474,2018-03-03 00:00:00,29,LIV,NEW,1718,latest,
475,2018-03-03 00:00:00,29,WAT,WBA,1718,latest,
476,2018-03-03 00:00:00,29,TOT,HUD,1718,latest,
477,2018-03-03 00:00:00,29,SWA,WHU,1718,latest,
478,2018-03-03 00:00:00,29,SOU,STK,1718,latest,
479,2018-03-03 00:00:00,29,LEI,BOU,1718,latest,
480,2018-03-03 00:00:00,29,BUR,EVE,1718,latest,
481,2018-03-01 00:00:00,28,ARS,MCI,1718,latest,
482,2018-02-25 00:00:00,28,MUN,CHE,1718,latest,
483,2018-02-25 00:00:00,28,CRY,TOT,1718,latest,
484,2018-02-24 00:00:00,28,WAT,EVE,1718,latest,
485,2018-02-24 00:00:00,28,WBA,HUD,1718,latest,
486,2018-02-24 00:00:00,28,LIV,WHU,1718,latest,
487,2018-02-24 00:00:00,28,BUR,SOU,1718,latest,
488,2018-02-24 00:00:00,28,BHA,SWA,1718,latest,
489,2018-02-24 00:00:00,28,BOU,NEW,1718,latest,
490,2018-02-24 00:00:00,28,LEI,STK,1718,latest,
491,2018-02-12 00:00:00,27,CHE,WBA,1718,latest,
492,2018-02-11 00:00:00,27,SOU,LIV,1718,latest,
493,2018-02-11 00:00:00,27,NEW,MUN,1718,latest,
494,2018-02-11 00:00:00,27,HUD,BOU,1718,latest,
495,2018-02-10 00:00:00,27,MCI,LEI,1718,latest,
496,2018-02-10 00:00:00,27,WHU,WAT,1718,latest,
497,2018-02-10 00:00:00,27,SWA,BUR,1718,latest,
498,2018-02-10 00:00:00,27,STK,BHA,1718,latest,
499,2018-02-10 00:00:00,27,EVE,CRY,1718,latest,
500,2018-02-10 00:00:00,27,TOT,ARS,1718,latest,
501,2018-02-05 00:00:00,26,WAT,CHE,1718,latest,
502,2018-02-04 00:00:00,26,LIV,TOT,1718,latest,
503,2018-02-04 00:00:00,26,CRY,NEW,1718,latest,
504,2018-02-03 00:00:00,26,ARS,EVE,1718,latest,
505,2018-02-03 00:00:00,26,WBA,SOU,1718,latest,
506,2018-02-03 00:00:00,26,MUN,HUD,1718,latest,
507,2018-02-03 00:00:00,26,LEI,SWA,1718,latest,
508,2018-02-03 00:00:00,26,BHA,WHU,1718,latest,
509,2018-02-03 00:00:00,26,BOU,STK,1718,latest,
510,2018-02-03 00:00:00,26,BUR,MCI,1718,latest,
511,2018-01-31 00:00:00,25,TOT,MUN,1718,latest,
512,2018-01-31 00:00:00,25,STK,WAT,1718,latest,
513,2018-01-31 00:00:00,25,MCI,WBA,1718,latest,
514,2018-01-31 00:00:00,25,SOU,BHA,1718,latest,
515,2018-01-31 00:00:00,25,NEW,BUR,1718,latest,
516,2018-01-31 00:00:00,25,EVE,LEI,1718,latest,
517,2018-01-31 00:00:00,25,CHE,BOU,1718,latest,
518,2018-01-30 00:00:00,25,HUD,LIV,1718,latest,
519,2018-01-30 00:00:00,25,WHU,CRY,1718,latest,
520,2018-01-30 00:00:00,25,SWA,ARS,1718,latest,
521,2018-01-22 00:00:00,24,SWA,LIV,1718,latest,
522,2018-01-21 00:00:00,24,SOU,TOT,1718,latest,
523,2018-01-20 00:00:00,24,MCI,NEW,1718,latest,
524,2018-01-20 00:00:00,24,WHU,BOU,1718,latest,
525,2018-01-20 00:00:00,24,STK,HUD,1718,latest,
526,2018-01-20 00:00:00,24,LEI,WAT,1718,latest,
527,2018-01-20 00:00:00,24,EVE,WBA,1718,latest,
528,2018-01-20 00:00:00,24,BUR,MUN,1718,latest,
529,2018-01-20 00:00:00,24,ARS,CRY,1718,latest,
530,2018-01-20 00:00:00,24,BHA,CHE,1718,latest,
531,2018-01-15 00:00:00,23,MUN,STK,1718,latest,
532,2018-01-14 00:00:00,23,LIV,MCI,1718,latest,
533,2018-01-14 00:00:00,23,BOU,ARS,1718,latest,
534,2018-01-13 00:00:00,23,TOT,EVE,1718,latest,
535,2018-01-13 00:00:00,23,WBA,BHA,1718,latest,
536,2018-01-13 00:00:00,23,WAT,SOU,1718,latest,
537,2018-01-13 00:00:00,23,NEW,SWA,1718,latest,
538,2018-01-13 00:00:00,23,HUD,WHU,1718,latest,
539,2018-01-13 00:00:00,23,CRY,BUR,1718,latest,
540,2018-01-13 00:00:00,23,CHE,LEI,1718,latest,
541,2018-01-04 00:00:00,22,TOT,WHU,1718,latest,
542,2018-01-03 00:00:00,22,ARS,CHE,1718,latest,
543,2018-01-02 00:00:00,22,MCI,WAT,1718,latest,
544,2018-01-02 00:00:00,22,WHU,WBA,1718,latest,
545,2018-01-02 00:00:00,22,SWA,TOT,1718,latest,
546,2018-01-02 00:00:00,22,SOU,CRY,1718,latest,
547,2018-01-01 00:00:00,22,EVE,MUN,1718,latest,
548,2018-01-01 00:00:00,22,STK,NEW,1718,latest,
549,2018-01-01 00:00:00,22,LEI,HUD,1718,latest,
550,2018-01-01 00:00:00,22,BUR,LIV,1718,latest,
551,2018-01-01 00:00:00,22,BHA,BOU,1718,latest,
552,2017-12-31 00:00:00,21,WBA,ARS,1718,latest,
553,2017-12-31 00:00:00,21,CRY,MCI,1718,latest,
554,2017-12-30 00:00:00,21,MUN,SOU,1718,latest,
555,2017-12-30 00:00:00,21,WAT,SWA,1718,latest,
556,2017-12-30 00:00:00,21,NEW,BHA,1718,latest,
557,2017-12-30 00:00:00,21,LIV,LEI,1718,latest,
558,2017-12-30 00:00:00,21,HUD,BUR,1718,latest,
559,2017-12-30 00:00:00,21,CHE,STK,1718,latest,
560,2017-12-30 00:00:00,21,BOU,EVE,1718,latest,
561,2017-12-28 00:00:00,20,CRY,ARS,1718,latest,
562,2017-12-27 00:00:00,20,NEW,MCI,1718,latest,
563,2017-12-26 00:00:00,20,LIV,SWA,1718,latest,
564,2017-12-26 00:00:00,20,WBA,EVE,1718,latest,
565,2017-12-26 00:00:00,20,WAT,LEI,1718,latest,
566,2017-12-26 00:00:00,20,MUN,BUR,1718,latest,
567,2017-12-26 00:00:00,20,HUD,STK,1718,latest,
568,2017-12-26 00:00:00,20,CHE,BHA,1718,latest,
569,2017-12-26 00:00:00,20,BOU,WHU,1718,latest,
570,2017-12-26 00:00:00,20,TOT,SOU,1718,latest,
571,2017-12-23 00:00:00,19,LEI,MUN,1718,latest,
572,2017-12-23 00:00:00,19,BUR,TOT,1718,latest,
573,2017-12-23 00:00:00,19,WHU,NEW,1718,latest,
574,2017-12-23 00:00:00,19,SWA,CRY,1718,latest,
575,2017-12-23 00:00:00,19,STK,WBA,1718,latest,
576,2017-12-23 00:00:00,19,SOU,HUD,1718,latest,
577,2017-12-23 00:00:00,19,MCI,BOU,1718,latest,
578,2017-12-23 00:00:00,19,BHA,WAT,1718,latest,
579,2017-12-23 00:00:00,19,EVE,CHE,1718,latest,
580,2017-12-22 00:00:00,19,ARS,LIV,1718,latest,
581,2017-12-18 00:00:00,18,EVE,SWA,1718,latest,
582,2017-12-17 00:00:00,18,BOU,LIV,1718,latest,
583,2017-12-17 00:00:00,18,WBA,MUN,1718,latest,
584,2017-12-16 00:00:00,18,MCI,TOT,1718,latest,
585,2017-12-16 00:00:00,18,STK,WHU,1718,latest,
586,2017-12-16 00:00:00,18,WAT,HUD,1718,latest,
587,2017-12-16 00:00:00,18,CHE,SOU,1718,latest,
588,2017-12-16 00:00:00,18,BHA,BUR,1718,latest,
589,2017-12-16 00:00:00,18,ARS,NEW,1718,latest,
590,2017-12-16 00:00:00,18,LEI,CRY,1718,latest,
591,2017-12-13 00:00:00,17,WHU,ARS,1718,latest,
592,2017-12-13 00:00:00,17,TOT,BHA,1718,latest,
593,2017-12-13 00:00:00,17,MUN,BOU,1718,latest,
594,2017-12-13 00:00:00,17,LIV,WBA,1718,latest,
595,2017-12-13 00:00:00,17,SWA,MCI,1718,latest,
596,2017-12-13 00:00:00,17,SOU,LEI,1718,latest,
597,2017-12-13 00:00:00,17,NEW,EVE,1718,latest,
598,2017-12-12 00:00:00,17,HUD,CHE,1718,latest,
599,2017-12-12 00:00:00,17,CRY,WAT,1718,latest,
600,2017-12-12 00:00:00,17,BUR,STK,1718,latest,
601,2017-12-10 00:00:00,16,MUN,MCI,1718,latest,
602,2017-12-10 00:00:00,16,LIV,EVE,1718,latest,
603,2017-12-10 00:00:00,16,SOU,ARS,1718,latest,
604,2017-12-09 00:00:00,16,NEW,LEI,1718,latest,
605,2017-12-09 00:00:00,16,TOT,STK,1718,latest,
606,2017-12-09 00:00:00,16,SWA,WBA,1718,latest,
607,2017-12-09 00:00:00,16,HUD,BHA,1718,latest,
608,2017-12-09 00:00:00,16,CRY,BOU,1718,latest,
609,2017-12-09 00:00:00,16,BUR,WAT,1718,latest,
610,2017-12-09 00:00:00,16,WHU,CHE,1718,latest,
611,2017-12-03 00:00:00,15,MCI,WHU,1718,latest,
612,2017-12-03 00:00:00,15,BOU,SOU,1718,latest,
613,2017-12-02 00:00:00,15,ARS,MUN,1718,latest,
614,2017-12-02 00:00:00,15,WBA,CRY,1718,latest,
615,2017-12-02 00:00:00,15,WAT,TOT,1718,latest,
616,2017-12-02 00:00:00,15,STK,SWA,1718,latest,
617,2017-12-02 00:00:00,15,LEI,BUR,1718,latest,
618,2017-12-02 00:00:00,15,EVE,HUD,1718,latest,
619,2017-12-02 00:00:00,15,BHA,LIV,1718,latest,
620,2017-12-02 00:00:00,15,CHE,NEW,1718,latest,
621,2017-11-29 00:00:00,14,STK,LIV,1718,latest,
622,2017-11-29 00:00:00,14,MCI,SOU,1718,latest,
623,2017-11-29 00:00:00,14,EVE,WHU,1718,latest,
624,2017-11-29 00:00:00,14,CHE,SWA,1718,latest,
625,2017-11-29 00:00:00,14,BOU,BUR,1718,latest,
626,2017-11-29 00:00:00,14,ARS,HUD,1718,latest,
627,2017-11-28 00:00:00,14,WBA,NEW,1718,latest,
628,2017-11-28 00:00:00,14,WAT,MUN,1718,latest,
629,2017-11-28 00:00:00,14,LEI,TOT,1718,latest,
630,2017-11-28 00:00:00,14,BHA,CRY,1718,latest,
631,2017-11-26 00:00:00,13,HUD,MCI,1718,latest,
632,2017-11-26 00:00:00,13,BUR,ARS,1718,latest,
633,2017-11-26 00:00:00,13,SOU,EVE,1718,latest,
634,2017-11-25 00:00:00,13,LIV,CHE,1718,latest,
635,2017-11-25 00:00:00,13,TOT,WBA,1718,latest,
636,2017-11-25 00:00:00,13,SWA,BOU,1718,latest,
637,2017-11-25 00:00:00,13,NEW,WAT,1718,latest,
638,2017-11-25 00:00:00,13,MUN,BHA,1718,latest,
639,2017-11-25 00:00:00,13,CRY,STK,1718,latest,
640,2017-11-24 00:00:00,13,WHU,LEI,1718,latest,
641,2017-11-20 00:00:00,12,BHA,STK,1718,latest,
642,2017-11-19 00:00:00,12,WAT,WHU,1718,latest,
643,2017-11-18 00:00:00,12,MUN,NEW,1718,latest,
644,2017-11-18 00:00:00,12,WBA,CHE,1718,latest,
645,2017-11-18 00:00:00,12,LIV,SOU,1718,latest,
646,2017-11-18 00:00:00,12,LEI,MCI,1718,latest,
647,2017-11-18 00:00:00,12,CRY,EVE,1718,latest,
648,2017-11-18 00:00:00,12,BUR,SWA,1718,latest,
649,2017-11-18 00:00:00,12,BOU,HUD,1718,latest,
650,2017-11-18 00:00:00,12,ARS,TOT,1718,latest,
651,2017-11-05 00:00:00,11,EVE,WAT,1718,latest,
652,2017-11-05 00:00:00,11,CHE,MUN,1718,latest,
653,2017-11-05 00:00:00,11,MCI,ARS,1718,latest,
654,2017-11-05 00:00:00,11,TOT,CRY,1718,latest,
655,2017-11-04 00:00:00,11,WHU,LIV,1718,latest,
656,2017-11-04 00:00:00,11,SWA,BHA,1718,latest,
657,2017-11-04 00:00:00,11,SOU,BUR,1718,latest,
658,2017-11-04 00:00:00,11,NEW,BOU,1718,latest,
659,2017-11-04 00:00:00,11,HUD,WBA,1718,latest,
660,2017-11-04 00:00:00,11,STK,LEI,1718,latest,
661,2017-10-30 00:00:00,10,BUR,NEW,1718,latest,
662,2017-10-29 00:00:00,10,LEI,EVE,1718,latest,
663,2017-10-29 00:00:00,10,BHA,SOU,1718,latest,
664,2017-10-28 00:00:00,10,BOU,CHE,1718,latest,
665,2017-10-28 00:00:00,10,WBA,MCI,1718,latest,
666,2017-10-28 00:00:00,10,WAT,STK,1718,latest,
667,2017-10-28 00:00:00,10,LIV,HUD,1718,latest,
668,2017-10-28 00:00:00,10,CRY,WHU,1718,latest,
669,2017-10-28 00:00:00,10,ARS,SWA,1718,latest,
670,2017-10-28 00:00:00,10,MUN,TOT,1718,latest,
671,2017-10-22 00:00:00,9,TOT,LIV,1718,latest,
672,2017-10-22 00:00:00,9,EVE,ARS,1718,latest,
673,2017-10-21 00:00:00,9,SOU,WBA,1718,latest,
674,2017-10-21 00:00:00,9,SWA,LEI,1718,latest,
675,2017-10-21 00:00:00,9,STK,BOU,1718,latest,
676,2017-10-21 00:00:00,9,NEW,CRY,1718,latest,
677,2017-10-21 00:00:00,9,MCI,BUR,1718,latest,
678,2017-10-21 00:00:00,9,HUD,MUN,1718,latest,
679,2017-10-21 00:00:00,9,CHE,WAT,1718,latest,
680,2017-10-20 00:00:00,9,WHU,BHA,1718,latest,
681,2017-10-16 00:00:00,8,LEI,WBA,1718,latest,
682,2017-10-15 00:00:00,8,SOU,NEW,1718,latest,
683,2017-10-15 00:00:00,8,BHA,EVE,1718,latest,
684,2017-10-14 00:00:00,8,WAT,ARS,1718,latest,
685,2017-10-14 00:00:00,8,TOT,BOU,1718,latest,
686,2017-10-14 00:00:00,8,SWA,HUD,1718,latest,
687,2017-10-14 00:00:00,8,MCI,STK,1718,latest,
688,2017-10-14 00:00:00,8,CRY,CHE,1718,latest,
689,2017-10-14 00:00:00,8,BUR,WHU,1718,latest,
690,2017-10-14 00:00:00,8,LIV,MUN,1718,latest,
691,2017-10-01 00:00:00,7,NEW,LIV,1718,latest,
692,2017-10-01 00:00:00,7,EVE,BUR,1718,latest,
693,2017-10-01 00:00:00,7,ARS,BHA,1718,latest,
694,2017-09-30 00:00:00,7,CHE,MCI,1718,latest,
695,2017-09-30 00:00:00,7,WHU,SWA,1718,latest,
696,2017-09-30 00:00:00,7,WBA,WAT,1718,latest,
697,2017-09-30 00:00:00,7,STK,SOU,1718,latest,
698,2017-09-30 00:00:00,7,MUN,CRY,1718,latest,
699,2017-09-30 00:00:00,7,BOU,LEI,1718,latest,
700,2017-09-30 00:00:00,7,HUD,TOT,1718,latest,
701,2017-09-25 00:00:00,6,ARS,WBA,1718,latest,
702,2017-09-24 00:00:00,6,BHA,NEW,1718,latest,
703,2017-09-23 00:00:00,6,LEI,LIV,1718,latest,
704,2017-09-23 00:00:00,6,SWA,WAT,1718,latest,
705,2017-09-23 00:00:00,6,STK,CHE,1718,latest,
706,2017-09-23 00:00:00,6,SOU,MUN,1718,latest,
707,2017-09-23 00:00:00,6,MCI,CRY,1718,latest,
708,2017-09-23 00:00:00,6,EVE,BOU,1718,latest,
709,2017-09-23 00:00:00,6,BUR,HUD,1718,latest,
710,2017-09-23 00:00:00,6,WHU,TOT,1718,latest,
711,2017-09-17 00:00:00,5,MUN,EVE,1718,latest,
712,2017-09-17 00:00:00,5,CHE,ARS,1718,latest,
713,2017-09-16 00:00:00,5,TOT,SWA,1718,latest,
714,2017-09-16 00:00:00,5,WBA,WHU,1718,latest,
715,2017-09-16 00:00:00,5,WAT,MCI,1718,latest,
716,2017-09-16 00:00:00,5,NEW,STK,1718,latest,
717,2017-09-16 00:00:00,5,LIV,BUR,1718,latest,
718,2017-09-16 00:00:00,5,HUD,LEI,1718,latest,
719,2017-09-16 00:00:00,5,CRY,SOU,1718,latest,
720,2017-09-15 00:00:00,5,BOU,BHA,1718,latest,
721,2017-09-11 00:00:00,4,WHU,HUD,1718,latest,
722,2017-09-10 00:00:00,4,SWA,NEW,1718,latest,
723,2017-09-10 00:00:00,4,BUR,CRY,1718,latest,
724,2017-09-09 00:00:00,4,STK,MUN,1718,latest,
725,2017-09-09 00:00:00,4,SOU,WAT,1718,latest,
726,2017-09-09 00:00:00,4,LEI,CHE,1718,latest,
727,2017-09-09 00:00:00,4,EVE,TOT,1718,latest,
728,2017-09-09 00:00:00,4,BHA,WBA,1718,latest,
729,2017-09-09 00:00:00,4,ARS,BOU,1718,latest,
730,2017-09-09 00:00:00,4,MCI,LIV,1718,latest,
731,2017-08-27 00:00:00,3,TOT,BUR,1718,latest,
732,2017-08-27 00:00:00,3,LIV,ARS,1718,latest,
733,2017-08-27 00:00:00,3,WBA,STK,1718,latest,
734,2017-08-27 00:00:00,3,CHE,EVE,1718,latest,
735,2017-08-26 00:00:00,3,MUN,LEI,1718,latest,
736,2017-08-26 00:00:00,3,WAT,BHA,1718,latest,
737,2017-08-26 00:00:00,3,NEW,WHU,1718,latest,
738,2017-08-26 00:00:00,3,HUD,SOU,1718,latest,
739,2017-08-26 00:00:00,3,CRY,SWA,1718,latest,
740,2017-08-26 00:00:00,3,BOU,MCI,1718,latest,
741,2017-08-21 00:00:00,2,MCI,EVE,1718,latest,
742,2017-08-20 00:00:00,2,TOT,CHE,1718,latest,
743,2017-08-20 00:00:00,2,HUD,NEW,1718,latest,
744,2017-08-19 00:00:00,2,STK,ARS,1718,latest,
745,2017-08-19 00:00:00,2,SOU,WHU,1718,latest,
746,2017-08-19 00:00:00,2,LIV,CRY,1718,latest,
747,2017-08-19 00:00:00,2,LEI,BHA,1718,latest,
748,2017-08-19 00:00:00,2,BUR,WBA,1718,latest,
749,2017-08-19 00:00:00,2,BOU,WAT,1718,latest,
750,2017-08-19 00:00:00,2,SWA,MUN,1718,latest,
751,2017-08-13 00:00:00,1,MUN,WHU,1718,latest,
752,2017-08-13 00:00:00,1,NEW,TOT,1718,latest,
753,2017-08-12 00:00:00,1,BHA,MCI,1718,latest,
754,2017-08-12 00:00:00,1,WBA,BOU,1718,latest,
755,2017-08-12 00:00:00,1,SOU,SWA,1718,latest,
756,2017-08-12 00:00:00,1,EVE,STK,1718,latest,
757,2017-08-12 00:00:00,1,CRY,HUD,1718,latest,
758,2017-08-12 00:00:00,1,CHE,BUR,1718,latest,
759,2017-08-12 00:00:00,1,WAT,LIV,1718,latest,
760,2017-08-11 00:00:00,1,ARS,LEI,1718,latest,
761,2017-05-21 00:00:00,38,ARS,EVE,1617,latest,
762,2017-05-21 00:00:00,38,BUR,WHU,1617,latest,
763,2017-05-21 00:00:00,38,CHE,SUN,1617,latest,
764,2017-05-21 00:00:00,38,HUL,TOT,1617,latest,
765,2017-05-21 00:00:00,38,LEI,BOU,1617,latest,
766,2017-05-21 00:00:00,38,LIV,MID,1617,latest,
767,2017-05-21 00:00:00,38,MUN,CRY,1617,latest,
768,2017-05-21 00:00:00,38,SOU,STK,1617,latest,
769,2017-05-21 00:00:00,38,SWA,WBA,1617,latest,
770,2017-05-21 00:00:00,38,WAT,MCI,1617,latest,
771,2017-05-18 00:00:00,37,LEI,TOT,1617,latest,
772,2017-05-17 00:00:00,37,SOU,MUN,1617,latest,
773,2017-05-16 00:00:00,37,ARS,SUN,1617,latest,
774,2017-05-16 00:00:00,37,MCI,WBA,1617,latest,
775,2017-05-15 00:00:00,37,CHE,WAT,1617,latest,
776,2017-05-14 00:00:00,37,CRY,HUL,1617,latest,
777,2017-05-14 00:00:00,37,WHU,LIV,1617,latest,
778,2017-05-14 00:00:00,37,TOT,MUN,1617,latest,
779,2017-05-13 00:00:00,37,MCI,LEI,1617,latest,
780,2017-05-13 00:00:00,37,BOU,BUR,1617,latest,
781,2017-05-13 00:00:00,37,MID,SOU,1617,latest,
782,2017-05-13 00:00:00,37,SUN,SWA,1617,latest,
783,2017-05-13 00:00:00,37,STK,ARS,1617,latest,
784,2017-05-12 00:00:00,37,EVE,WAT,1617,latest,
785,2017-05-12 00:00:00,37,WBA,CHE,1617,latest,
786,2017-05-10 00:00:00,36,SOU,ARS,1617,latest,
787,2017-05-08 00:00:00,36,CHE,MID,1617,latest,
788,2017-05-07 00:00:00,36,LIV,SOU,1617,latest,
789,2017-05-07 00:00:00,36,ARS,MUN,1617,latest,
790,2017-05-06 00:00:00,36,MCI,CRY,1617,latest,
791,2017-05-06 00:00:00,36,BOU,STK,1617,latest,
792,2017-05-06 00:00:00,36,BUR,WBA,1617,latest,
793,2017-05-06 00:00:00,36,HUL,SUN,1617,latest,
794,2017-05-06 00:00:00,36,LEI,WAT,1617,latest,
795,2017-05-06 00:00:00,36,SWA,EVE,1617,latest,
796,2017-05-05 00:00:00,36,WHU,TOT,1617,latest,
797,2017-05-01 00:00:00,35,WAT,LIV,1617,latest,
798,2017-04-30 00:00:00,35,MUN,SWA,1617,latest,
799,2017-04-30 00:00:00,35,EVE,CHE,1617,latest,
800,2017-04-30 00:00:00,35,MID,MCI,1617,latest,
801,2017-04-30 00:00:00,35,TOT,ARS,1617,latest,
802,2017-04-29 00:00:00,35,SOU,HUL,1617,latest,
803,2017-04-29 00:00:00,35,STK,WHU,1617,latest,
804,2017-04-29 00:00:00,35,SUN,BOU,1617,latest,
805,2017-04-29 00:00:00,35,WBA,LEI,1617,latest,
806,2017-04-29 00:00:00,35,CRY,BUR,1617,latest,
807,2017-04-27 00:00:00,34,MCI,MUN,1617,latest,
808,2017-04-26 00:00:00,34,ARS,LEI,1617,latest,
809,2017-04-26 00:00:00,34,MID,SUN,1617,latest,
810,2017-04-26 00:00:00,34,CRY,TOT,1617,latest,
811,2017-04-25 00:00:00,34,CHE,SOU,1617,latest,
812,2017-04-23 00:00:00,34,BUR,MUN,1617,latest,
813,2017-04-23 00:00:00,34,LIV,CRY,1617,latest,
814,2017-04-22 00:00:00,34,BOU,MID,1617,latest,
815,2017-04-22 00:00:00,34,HUL,WAT,1617,latest,
816,2017-04-22 00:00:00,34,SWA,STK,1617,latest,
817,2017-04-22 00:00:00,34,WHU,EVE,1617,latest,
818,2017-04-17 00:00:00,33,MID,ARS,1617,latest,
819,2017-04-16 00:00:00,33,WBA,LIV,1617,latest,
820,2017-04-16 00:00:00,33,MUN,CHE,1617,latest,
821,2017-04-15 00:00:00,33,TOT,BOU,1617,latest,
822,2017-04-15 00:00:00,33,CRY,LEI,1617,latest,
823,2017-04-15 00:00:00,33,EVE,BUR,1617,latest,
824,2017-04-15 00:00:00,33,STK,HUL,1617,latest,
825,2017-04-15 00:00:00,33,SUN,WHU,1617,latest,
826,2017-04-15 00:00:00,33,WAT,SWA,1617,latest,
827,2017-04-15 00:00:00,33,SOU,MCI,1617,latest,
828,2017-04-10 00:00:00,32,CRY,ARS,1617,latest,
829,2017-04-09 00:00:00,32,SUN,MUN,1617,latest,
830,2017-04-09 00:00:00,32,EVE,LEI,1617,latest,
831,2017-04-08 00:00:00,32,TOT,WAT,1617,latest,
832,2017-04-08 00:00:00,32,MCI,HUL,1617,latest,
833,2017-04-08 00:00:00,32,MID,BUR,1617,latest,
834,2017-04-08 00:00:00,32,STK,LIV,1617,latest,
835,2017-04-08 00:00:00,32,WBA,SOU,1617,latest,
836,2017-04-08 00:00:00,32,WHU,SWA,1617,latest,
837,2017-04-08 00:00:00,32,BOU,CHE,1617,latest,
838,2017-04-05 00:00:00,31,ARS,WHU,1617,latest,
839,2017-04-05 00:00:00,31,HUL,MID,1617,latest,
840,2017-04-05 00:00:00,31,SOU,CRY,1617,latest,
841,2017-04-05 00:00:00,31,SWA,TOT,1617,latest,
842,2017-04-05 00:00:00,31,CHE,MCI,1617,latest,
843,2017-04-05 00:00:00,31,LIV,BOU,1617,latest,
844,2017-04-04 00:00:00,31,BUR,STK,1617,latest,
845,2017-04-04 00:00:00,31,LEI,SUN,1617,latest,
846,2017-04-04 00:00:00,31,WAT,WBA,1617,latest,
847,2017-04-04 00:00:00,31,MUN,EVE,1617,latest,
848,2017-04-02 00:00:00,30,SWA,MID,1617,latest,
849,2017-04-02 00:00:00,30,ARS,MCI,1617,latest,
850,2017-04-01 00:00:00,30,LIV,EVE,1617,latest,
851,2017-04-01 00:00:00,30,BUR,TOT,1617,latest,
852,2017-04-01 00:00:00,30,CHE,CRY,1617,latest,
853,2017-04-01 00:00:00,30,HUL,WHU,1617,latest,
854,2017-04-01 00:00:00,30,LEI,STK,1617,latest,
855,2017-04-01 00:00:00,30,MUN,WBA,1617,latest,
856,2017-04-01 00:00:00,30,WAT,SUN,1617,latest,
857,2017-04-01 00:00:00,30,SOU,BOU,1617,latest,
858,2017-03-19 00:00:00,29,MID,MUN,1617,latest,
859,2017-03-19 00:00:00,29,TOT,SOU,1617,latest,
860,2017-03-19 00:00:00,29,MCI,LIV,1617,latest,
861,2017-03-18 00:00:00,29,WBA,ARS,1617,latest,
862,2017-03-18 00:00:00,29,CRY,WAT,1617,latest,
863,2017-03-18 00:00:00,29,EVE,HUL,1617,latest,
864,2017-03-18 00:00:00,29,STK,CHE,1617,latest,
865,2017-03-18 00:00:00,29,SUN,BUR,1617,latest,
866,2017-03-18 00:00:00,29,WHU,LEI,1617,latest,
867,2017-03-18 00:00:00,29,BOU,SWA,1617,latest,
868,2017-03-12 00:00:00,28,LIV,BUR,1617,latest,
869,2017-03-11 00:00:00,28,BOU,WHU,1617,latest,
870,2017-03-11 00:00:00,28,EVE,WBA,1617,latest,
871,2017-03-11 00:00:00,28,HUL,SWA,1617,latest,
872,2017-03-08 00:00:00,27,MCI,STK,1617,latest,
873,2017-03-06 00:00:00,27,WHU,CHE,1617,latest,
874,2017-03-05 00:00:00,27,TOT,EVE,1617,latest,
875,2017-03-05 00:00:00,27,SUN,MCI,1617,latest,
876,2017-03-04 00:00:00,27,MUN,BOU,1617,latest,
877,2017-03-04 00:00:00,27,LEI,HUL,1617,latest,
878,2017-03-04 00:00:00,27,STK,MID,1617,latest,
879,2017-03-04 00:00:00,27,SWA,BUR,1617,latest,
880,2017-03-04 00:00:00,27,WAT,SOU,1617,latest,
881,2017-03-04 00:00:00,27,WBA,CRY,1617,latest,
882,2017-03-04 00:00:00,27,LIV,ARS,1617,latest,
883,2017-02-27 00:00:00,26,LEI,LIV,1617,latest,
884,2017-02-26 00:00:00,26,TOT,STK,1617,latest,
885,2017-02-25 00:00:00,26,CHE,SWA,1617,latest,
886,2017-02-25 00:00:00,26,CRY,MID,1617,latest,
887,2017-02-25 00:00:00,26,EVE,SUN,1617,latest,
888,2017-02-25 00:00:00,26,HUL,BUR,1617,latest,
889,2017-02-25 00:00:00,26,WBA,BOU,1617,latest,
890,2017-02-25 00:00:00,26,WAT,WHU,1617,latest,
891,2017-02-13 00:00:00,25,BOU,MCI,1617,latest,
892,2017-02-12 00:00:00,25,BUR,CHE,1617,latest,
893,2017-02-12 00:00:00,25,SWA,LEI,1617,latest,
894,2017-02-11 00:00:00,25,ARS,HUL,1617,latest,
895,2017-02-11 00:00:00,25,MUN,WAT,1617,latest,
896,2017-02-11 00:00:00,25,MID,EVE,1617,latest,
897,2017-02-11 00:00:00,25,STK,CRY,1617,latest,
898,2017-02-11 00:00:00,25,SUN,SOU,1617,latest,
899,2017-02-11 00:00:00,25,WHU,WBA,1617,latest,
900,2017-02-11 00:00:00,25,LIV,TOT,1617,latest,
901,2017-02-05 00:00:00,24,MCI,SWA,1617,latest,
902,2017-02-05 00:00:00,24,LEI,MUN,1617,latest,
903,2017-02-04 00:00:00,24,CHE,ARS,1617,latest,
904,2017-02-04 00:00:00,24,CRY,SUN,1617,latest,
905,2017-02-04 00:00:00,24,EVE,BOU,1617,latest,
906,2017-02-04 00:00:00,24,HUL,LIV,1617,latest,
907,2017-02-04 00:00:00,24,SOU,WHU,1617,latest,
908,2017-02-04 00:00:00,24,WAT,BUR,1617,latest,
909,2017-02-04 00:00:00,24,WBA,STK,1617,latest,
910,2017-02-04 00:00:00,24,TOT,MID,1617,latest,
911,2017-02-01 00:00:00,23,WHU,MCI,1617,latest,
912,2017-02-01 00:00:00,23,MUN,HUL,1617,latest,
913,2017-02-01 00:00:00,23,STK,EVE,1617,latest,
914,2017-01-31 00:00:00,23,ARS,WAT,1617,latest,
915,2017-01-31 00:00:00,23,BOU,CRY,1617,latest,
916,2017-01-31 00:00:00,23,BUR,LEI,1617,latest,
917,2017-01-31 00:00:00,23,MID,WBA,1617,latest,
918,2017-01-31 00:00:00,23,SUN,TOT,1617,latest,
919,2017-01-31 00:00:00,23,SWA,SOU,1617,latest,
920,2017-01-31 00:00:00,23,LIV,CHE,1617,latest,
921,2017-01-22 00:00:00,22,SOU,LEI,1617,latest,
922,2017-01-22 00:00:00,22,ARS,BUR,1617,latest,
923,2017-01-22 00:00:00,22,CHE,HUL,1617,latest,
924,2017-01-21 00:00:00,22,LIV,SWA,1617,latest,
925,2017-01-21 00:00:00,22,BOU,WAT,1617,latest,
926,2017-01-21 00:00:00,22,CRY,EVE,1617,latest,
927,2017-01-21 00:00:00,22,MID,WHU,1617,latest,
928,2017-01-21 00:00:00,22,STK,MUN,1617,latest,
929,2017-01-21 00:00:00,22,WBA,SUN,1617,latest,
930,2017-01-21 00:00:00,22,MCI,TOT,1617,latest,
931,2017-01-15 00:00:00,21,EVE,MCI,1617,latest,
932,2017-01-15 00:00:00,21,MUN,LIV,1617,latest,
933,2017-01-14 00:00:00,21,TOT,WBA,1617,latest,
934,2017-01-14 00:00:00,21,BUR,SOU,1617,latest,
935,2017-01-14 00:00:00,21,HUL,BOU,1617,latest,
936,2017-01-14 00:00:00,21,SUN,STK,1617,latest,
937,2017-01-14 00:00:00,21,SWA,ARS,1617,latest,
938,2017-01-14 00:00:00,21,WAT,MID,1617,latest,
939,2017-01-14 00:00:00,21,WHU,CRY,1617,latest,
940,2017-01-14 00:00:00,21,LEI,CHE,1617,latest,
941,2017-01-04 00:00:00,20,TOT,CHE,1617,latest,
942,2017-01-03 00:00:00,20,BOU,ARS,1617,latest,
943,2017-01-03 00:00:00,20,CRY,SWA,1617,latest,
944,2017-01-03 00:00:00,20,STK,WAT,1617,latest,
945,2017-01-02 00:00:00,20,MID,LEI,1617,latest,
946,2017-01-02 00:00:00,20,EVE,SOU,1617,latest,
947,2017-01-02 00:00:00,20,MCI,BUR,1617,latest,
948,2017-01-02 00:00:00,20,SUN,LIV,1617,latest,
949,2017-01-02 00:00:00,20,WBA,HUL,1617,latest,
950,2017-01-02 00:00:00,20,WHU,MUN,1617,latest,
951,2017-01-01 00:00:00,19,WAT,TOT,1617,latest,
952,2017-01-01 00:00:00,19,ARS,CRY,1617,latest,
953,2016-12-31 00:00:00,19,BUR,SUN,1617,latest,
954,2016-12-31 00:00:00,19,CHE,STK,1617,latest,
955,2016-12-31 00:00:00,19,LEI,WHU,1617,latest,
956,2016-12-31 00:00:00,19,MUN,MID,1617,latest,
957,2016-12-31 00:00:00,19,SOU,WBA,1617,latest,
958,2016-12-31 00:00:00,19,SWA,BOU,1617,latest,
959,2016-12-31 00:00:00,19,LIV,MCI,1617,latest,
960,2016-12-30 00:00:00,19,HUL,EVE,1617,latest,
961,2016-12-28 00:00:00,18,SOU,TOT,1617,latest,
962,2016-12-27 00:00:00,18,LIV,STK,1617,latest,
963,2016-12-26 00:00:00,18,WAT,CRY,1617,latest,
964,2016-12-26 00:00:00,18,ARS,WBA,1617,latest,
965,2016-12-26 00:00:00,18,BUR,MID,1617,latest,
966,2016-12-26 00:00:00,18,CHE,BOU,1617,latest,
967,2016-12-26 00:00:00,18,LEI,EVE,1617,latest,
968,2016-12-26 00:00:00,18,MUN,SUN,1617,latest,
969,2016-12-26 00:00:00,18,SWA,WHU,1617,latest,
970,2016-12-26 00:00:00,18,HUL,MCI,1617,latest,
971,2016-12-19 00:00:00,17,EVE,LIV,1617,latest,
972,2016-12-18 00:00:00,17,BOU,SOU,1617,latest,
973,2016-12-18 00:00:00,17,MCI,ARS,1617,latest,
974,2016-12-18 00:00:00,17,TOT,BUR,1617,latest,
975,2016-12-17 00:00:00,17,CRY,CHE,1617,latest,
976,2016-12-17 00:00:00,17,MID,SWA,1617,latest,
977,2016-12-17 00:00:00,17,STK,LEI,1617,latest,
978,2016-12-17 00:00:00,17,SUN,WAT,1617,latest,
979,2016-12-17 00:00:00,17,WHU,HUL,1617,latest,
980,2016-12-17 00:00:00,17,WBA,MUN,1617,latest,
981,2016-12-14 00:00:00,16,MID,LIV,1617,latest,
982,2016-12-14 00:00:00,16,SUN,CHE,1617,latest,
983,2016-12-14 00:00:00,16,WHU,BUR,1617,latest,
984,2016-12-14 00:00:00,16,CRY,MUN,1617,latest,
985,2016-12-14 00:00:00,16,MCI,WAT,1617,latest,
986,2016-12-14 00:00:00,16,STK,SOU,1617,latest,
987,2016-12-14 00:00:00,16,TOT,HUL,1617,latest,
988,2016-12-14 00:00:00,16,WBA,SWA,1617,latest,
989,2016-12-13 00:00:00,16,BOU,LEI,1617,latest,
990,2016-12-13 00:00:00,16,EVE,ARS,1617,latest,
991,2016-12-11 00:00:00,15,CHE,WBA,1617,latest,
992,2016-12-11 00:00:00,15,MUN,TOT,1617,latest,
993,2016-12-11 00:00:00,15,SOU,MID,1617,latest,
994,2016-12-11 00:00:00,15,LIV,WHU,1617,latest,
995,2016-12-10 00:00:00,15,WAT,EVE,1617,latest,
996,2016-12-10 00:00:00,15,ARS,STK,1617,latest,
997,2016-12-10 00:00:00,15,BUR,BOU,1617,latest,
998,2016-12-10 00:00:00,15,HUL,CRY,1617,latest,
999,2016-12-10 00:00:00,15,SWA,SUN,1617,latest,
1000,2016-12-10 00:00:00,15,LEI,MCI,1617,latest,
1001,2016-12-05 00:00:00,14,MID,HUL,1617,latest,
1002,2016-12-04 00:00:00,14,BOU,LIV,1617,latest,
1003,2016-12-04 00:00:00,14,EVE,MUN,1617,latest,
1004,2016-12-03 00:00:00,14,MCI,CHE,1617,latest,
1005,2016-12-03 00:00:00,14,CRY,SOU,1617,latest,
1006,2016-12-03 00:00:00,14,STK,BUR,1617,latest,
1007,2016-12-03 00:00:00,14,SUN,LEI,1617,latest,
1008,2016-12-03 00:00:00,14,TOT,SWA,1617,latest,
1009,2016-12-03 00:00:00,14,WBA,WAT,1617,latest,
1010,2016-12-03 00:00:00,14,WHU,ARS,1617,latest,
1011,2016-11-27 00:00:00,13,WAT,STK,1617,latest,
1012,2016-11-27 00:00:00,13,ARS,BOU,1617,latest,
1013,2016-11-27 00:00:00,13,MUN,WHU,1617,latest,
1014,2016-11-27 00:00:00,13,SOU,EVE,1617,latest,
1015,2016-11-26 00:00:00,13,BUR,MCI,1617,latest,
1016,2016-11-26 00:00:00,13,HUL,WBA,1617,latest,
1017,2016-11-26 00:00:00,13,LEI,MID,1617,latest,
1018,2016-11-26 00:00:00,13,LIV,SUN,1617,latest,
1019,2016-11-26 00:00:00,13,SWA,CRY,1617,latest,
1020,2016-11-26 00:00:00,13,CHE,TOT,1617,latest,
1021,2016-11-21 00:00:00,12,WBA,BUR,1617,latest,
1022,2016-11-20 00:00:00,12,MID,CHE,1617,latest,
1023,2016-11-19 00:00:00,12,MUN,ARS,1617,latest,
1024,2016-11-19 00:00:00,12,CRY,MCI,1617,latest,
1025,2016-11-19 00:00:00,12,EVE,SWA,1617,latest,
1026,2016-11-19 00:00:00,12,SOU,LIV,1617,latest,
1027,2016-11-19 00:00:00,12,STK,BOU,1617,latest,
1028,2016-11-19 00:00:00,12,SUN,HUL,1617,latest,
1029,2016-11-19 00:00:00,12,WAT,LEI,1617,latest,
1030,2016-11-19 00:00:00,12,TOT,WHU,1617,latest,
1031,2016-11-06 00:00:00,11,ARS,TOT,1617,latest,
1032,2016-11-06 00:00:00,11,HUL,SOU,1617,latest,
1033,2016-11-06 00:00:00,11,LIV,WAT,1617,latest,
1034,2016-11-06 00:00:00,11,SWA,MUN,1617,latest,
1035,2016-11-06 00:00:00,11,LEI,WBA,1617,latest,
1036,2016-11-05 00:00:00,11,BOU,SUN,1617,latest,
1037,2016-11-05 00:00:00,11,BUR,CRY,1617,latest,
1038,2016-11-05 00:00:00,11,MCI,MID,1617,latest,
1039,2016-11-05 00:00:00,11,WHU,STK,1617,latest,
1040,2016-11-05 00:00:00,11,CHE,EVE,1617,latest,
1041,2016-10-31 00:00:00,10,STK,SWA,1617,latest,
1042,2016-10-30 00:00:00,10,EVE,WHU,1617,latest,
1043,2016-10-30 00:00:00,10,SOU,CHE,1617,latest,
1044,2016-10-29 00:00:00,10,SUN,ARS,1617,latest,
1045,2016-10-29 00:00:00,10,MUN,BUR,1617,latest,
1046,2016-10-29 00:00:00,10,MID,BOU,1617,latest,
1047,2016-10-29 00:00:00,10,TOT,LEI,1617,latest,
1048,2016-10-29 00:00:00,10,WAT,HUL,1617,latest,
1049,2016-10-29 00:00:00,10,WBA,MCI,1617,latest,
1050,2016-10-29 00:00:00,10,CRY,LIV,1617,latest,
1051,2016-10-23 00:00:00,9,MCI,SOU,1617,latest,
1052,2016-10-23 00:00:00,9,CHE,MUN,1617,latest,
1053,2016-10-22 00:00:00,9,BOU,TOT,1617,latest,
1054,2016-10-22 00:00:00,9,ARS,MID,1617,latest,
1055,2016-10-22 00:00:00,9,BUR,EVE,1617,latest,
1056,2016-10-22 00:00:00,9,HUL,STK,1617,latest,
1057,2016-10-22 00:00:00,9,LEI,CRY,1617,latest,
1058,2016-10-22 00:00:00,9,SWA,WAT,1617,latest,
1059,2016-10-22 00:00:00,9,WHU,SUN,1617,latest,
1060,2016-10-22 00:00:00,9,LIV,WBA,1617,latest,
1061,2016-10-17 00:00:00,8,LIV,MUN,1617,latest,
1062,2016-10-16 00:00:00,8,MID,WAT,1617,latest,
1063,2016-10-16 00:00:00,8,SOU,BUR,1617,latest,
1064,2016-10-15 00:00:00,8,CHE,LEI,1617,latest,
1065,2016-10-15 00:00:00,8,ARS,SWA,1617,latest,
1066,2016-10-15 00:00:00,8,BOU,HUL,1617,latest,
1067,2016-10-15 00:00:00,8,MCI,EVE,1617,latest,
1068,2016-10-15 00:00:00,8,STK,SUN,1617,latest,
1069,2016-10-15 00:00:00,8,WBA,TOT,1617,latest,
1070,2016-10-15 00:00:00,8,CRY,WHU,1617,latest,
1071,2016-10-02 00:00:00,7,MUN,STK,1617,latest,
1072,2016-10-02 00:00:00,7,LEI,SOU,1617,latest,
1073,2016-10-02 00:00:00,7,TOT,MCI,1617,latest,
1074,2016-10-02 00:00:00,7,BUR,ARS,1617,latest,
1075,2016-10-01 00:00:00,7,SWA,LIV,1617,latest,
1076,2016-10-01 00:00:00,7,HUL,CHE,1617,latest,
1077,2016-10-01 00:00:00,7,SUN,WBA,1617,latest,
1078,2016-10-01 00:00:00,7,WAT,BOU,1617,latest,
1079,2016-10-01 00:00:00,7,WHU,MID,1617,latest,
1080,2016-09-30 00:00:00,7,EVE,CRY,1617,latest,
1081,2016-09-26 00:00:00,6,BUR,WAT,1617,latest,
1082,2016-09-25 00:00:00,6,WHU,SOU,1617,latest,
1083,2016-09-24 00:00:00,6,MUN,LEI,1617,latest,
1084,2016-09-24 00:00:00,6,BOU,EVE,1617,latest,
1085,2016-09-24 00:00:00,6,LIV,HUL,1617,latest,
1086,2016-09-24 00:00:00,6,MID,TOT,1617,latest,
1087,2016-09-24 00:00:00,6,STK,WBA,1617,latest,
1088,2016-09-24 00:00:00,6,SUN,CRY,1617,latest,
1089,2016-09-24 00:00:00,6,SWA,MCI,1617,latest,
1090,2016-09-24 00:00:00,6,ARS,CHE,1617,latest,
1091,2016-09-18 00:00:00,5,WAT,MUN,1617,latest,
1092,2016-09-18 00:00:00,5,CRY,STK,1617,latest,
1093,2016-09-18 00:00:00,5,SOU,SWA,1617,latest,
1094,2016-09-18 00:00:00,5,TOT,SUN,1617,latest,
1095,2016-09-17 00:00:00,5,HUL,ARS,1617,latest,
1096,2016-09-17 00:00:00,5,LEI,BUR,1617,latest,
1097,2016-09-17 00:00:00,5,MCI,BOU,1617,latest,
1098,2016-09-17 00:00:00,5,WBA,WHU,1617,latest,
1099,2016-09-17 00:00:00,5,EVE,MID,1617,latest,
1100,2016-09-16 00:00:00,5,CHE,LIV,1617,latest,
1101,2016-09-12 00:00:00,4,SUN,EVE,1617,latest,
1102,2016-09-11 00:00:00,4,SWA,CHE,1617,latest,
1103,2016-09-10 00:00:00,4,MUN,MCI,1617,latest,
1104,2016-09-10 00:00:00,4,ARS,SOU,1617,latest,
1105,2016-09-10 00:00:00,4,BOU,WBA,1617,latest,
1106,2016-09-10 00:00:00,4,BUR,HUL,1617,latest,
1107,2016-09-10 00:00:00,4,MID,CRY,1617,latest,
1108,2016-09-10 00:00:00,4,STK,TOT,1617,latest,
1109,2016-09-10 00:00:00,4,WHU,WAT,1617,latest,
1110,2016-09-10 00:00:00,4,LIV,LEI,1617,latest,
1111,2016-08-28 00:00:00,3,WBA,MID,1617,latest,
1112,2016-08-28 00:00:00,3,MCI,WHU,1617,latest,
1113,2016-08-27 00:00:00,3,TOT,LIV,1617,latest,
1114,2016-08-27 00:00:00,3,CHE,BUR,1617,latest,
1115,2016-08-27 00:00:00,3,CRY,BOU,1617,latest,
1116,2016-08-27 00:00:00,3,EVE,STK,1617,latest,
1117,2016-08-27 00:00:00,3,LEI,SWA,1617,latest,
1118,2016-08-27 00:00:00,3,SOU,SUN,1617,latest,
1119,2016-08-27 00:00:00,3,WAT,ARS,1617,latest,
1120,2016-08-27 00:00:00,3,HUL,MUN,1617,latest,
1121,2016-08-21 00:00:00,2,SUN,MID,1617,latest,
1122,2016-08-21 00:00:00,2,WHU,BOU,1617,latest,
1123,2016-08-20 00:00:00,2,STK,MCI,1617,latest,
1124,2016-08-20 00:00:00,2,BUR,LIV,1617,latest,
1125,2016-08-20 00:00:00,2,SWA,HUL,1617,latest,
1126,2016-08-20 00:00:00,2,TOT,CRY,1617,latest,
1127,2016-08-20 00:00:00,2,WAT,CHE,1617,latest,
1128,2016-08-20 00:00:00,2,WBA,EVE,1617,latest,
1129,2016-08-20 00:00:00,2,LEI,ARS,1617,latest,
1130,2016-08-19 00:00:00,2,MUN,SOU,1617,latest,
1131,2016-08-15 00:00:00,1,CHE,WHU,1617,latest,
1132,2016-08-14 00:00:00,1,BOU,MUN,1617,latest,
1133,2016-08-14 00:00:00,1,ARS,LIV,1617,latest,
1134,2016-08-13 00:00:00,1,HUL,LEI,1617,latest,
1135,2016-08-13 00:00:00,1,BUR,SWA,1617,latest,
1136,2016-08-13 00:00:00,1,CRY,WBA,1617,latest,
1137,2016-08-13 00:00:00,1,EVE,TOT,1617,latest,
1138,2016-08-13 00:00:00,1,MID,STK,1617,latest,
1139,2016-08-13 00:00:00,1,SOU,WAT,1617,latest,
1140,2016-08-13 00:00:00,1,MCI,SUN,1617,latest,
1141,2019-08-09T19:00:00Z,1,LIV,NOR,1920,b2fb5988-21f9-4a98-88e4-35d038992703,
1142,2019-08-10T11:30:00Z,1,WHU,MCI,1920,b2fb5988-21f9-4a98-88e4-35d038992703,
1143,2019-08-10T14:00:00Z,1,BOU,SHU,1920,b2fb5988-21f9-4a98-88e4-35d038992703,
1144,2019-08-10T14:00:00Z,1,BUR,SOU,1920,b2fb5988-21f9-4a98-88e4-35d038992703,
1145,2019-08-10T14:00:00Z,1,CRY,EVE,1920,b2fb5988-21f9-4a98-88e4-35d038992703,
1146,2019-08-10T14:00:00Z,1,WAT,BHA,1920,b2fb5988-21f9-4a98-88e4-35d038992703,
1147,2019-08-10T16:30:00Z,1,TOT,AVL,1920,b2fb5988-21f9-4a98-88e4-35d038992703,
1148,2019-08-11T13:00:00Z,1,LEI,WOL,1920,b2fb5988-21f9-4a98-88e4-35d038992703,
1149,2019-08-11T13:00:00Z,1,NEW,ARS,1920,b2fb5988-21f9-4a98-88e4-35d038992703,
1150,2019-08-11T15:30:00Z,1,MUN,CHE,1920,b2fb5988-21f9-4a98-88e4-35d038992703,
1151,2019-08-17T11:30:00Z,2,ARS,BUR,1920,b2fb5988-21f9-4a98-88e4-35d038992703,
1152,2019-08-17T14:00:00Z,2,AVL,BOU,1920,b2fb5988-21f9-4a98-88e4-35d038992703,
1153,2019-08-17T14:00:00Z,2,BHA,WHU,1920,b2fb5988-21f9-4a98-88e4-35d038992703,
1154,2019-08-17T14:00:00Z,2,EVE,WAT,1920,b2fb5988-21f9-4a98-88e4-35d038992703,
1155,2019-08-17T14:00:00Z,2,NOR,NEW,1920,b2fb5988-21f9-4a98-88e4-35d038992703,
1156,2019-08-17T14:00:00Z,2,SOU,LIV,1920,b2fb5988-21f9-4a98-88e4-35d038992703,
1157,2019-08-17T16:30:00Z,2,MCI,TOT,1920,b2fb5988-21f9-4a98-88e4-35d038992703,
1158,2019-08-18T13:00:00Z,2,SHU,CRY,1920,b2fb5988-21f9-4a98-88e4-35d038992703,
1159,2019-08-18T15:30:00Z,2,CHE,LEI,1920,b2fb5988-21f9-4a98-88e4-35d038992703,
1160,2019-08-19T19:00:00Z,2,WOL,MUN,1920,b2fb5988-21f9-4a98-88e4-35d038992703,
1161,2019-08-23T19:00:00Z,3,AVL,EVE,1920,b2fb5988-21f9-4a98-88e4-35d038992703,
1162,2019-08-24T11:30:00Z,3,NOR,CHE,1920,b2fb5988-21f9-4a98-88e4-35d038992703,
1163,2019-08-24T14:00:00Z,3,BHA,SOU,1920,b2fb5988-21f9-4a98-88e4-35d038992703,
1164,2019-08-24T14:00:00Z,3,MUN,CRY,1920,b2fb5988-21f9-4a98-88e4-35d038992703,
1165,2019-08-24T14:00:00Z,3,SHU,LEI,1920,b2fb5988-21f9-4a98-88e4-35d038992703,
1166,2019-08-24T14:00:00Z,3,WAT,WHU,1920,b2fb5988-21f9-4a98-88e4-35d038992703,
1167,2019-08-24T16:30:00Z,3,LIV,ARS,1920,b2fb5988-21f9-4a98-88e4-35d038992703,
1168,2019-08-25T13:00:00Z,3,BOU,MCI,1920,b2fb5988-21f9-4a98-88e4-35d038992703,
1169,2019-08-25T15:30:00Z,3,TOT,NEW,1920,b2fb5988-21f9-4a98-88e4-35d038992703,
1170,2019-08-25T15:30:00Z,3,WOL,BUR,1920,b2fb5988-21f9-4a98-88e4-35d038992703,
1171,2019-08-31T11:30:00Z,4,SOU,MUN,1920,b2fb5988-21f9-4a98-88e4-35d038992703,
1172,2019-08-31T14:00:00Z,4,CHE,SHU,1920,b2fb5988-21f9-4a98-88e4-35d038992703,
1173,2019-08-31T14:00:00Z,4,CRY,AVL,1920,b2fb5988-21f9-4a98-88e4-35d038992703,
1174,2019-08-31T14:00:00Z,4,LEI,BOU,1920,b2fb5988-21f9-4a98-88e4-35d038992703,
1175,2019-08-31T14:00:00Z,4,MCI,BHA,1920,b2fb5988-21f9-4a98-88e4-35d038992703,
1176,2019-08-31T14:00:00Z,4,NEW,WAT,1920,b2fb5988-21f9-4a98-88e4-35d038992703,
1177,2019-08-31T14:00:00Z,4,WHU,NOR,1920,b2fb5988-21f9-4a98-88e4-35d038992703,
1178,2019-08-31T16:30:00Z,4,BUR,LIV,1920,b2fb5988-21f9-4a98-88e4-35d038992703,
1179,2019-09-01T13:00:00Z,4,EVE,WOL,1920,b2fb5988-21f9-4a98-88e4-35d038992703,
1180,2019-09-01T15:30:00Z,4,ARS,TOT,1920,b2fb5988-21f9-4a98-88e4-35d038992703,
1181,2019-09-14T11:30:00Z,5,LIV,NEW,1920,b2fb5988-21f9-4a98-88e4-35d038992703,
1182,2019-09-14T14:00:00Z,5,BHA,BUR,1920,b2fb5988-21f9-4a98-88e4-35d038992703,
1183,2019-09-14T14:00:00Z,5,MUN,LEI,1920,b2fb5988-21f9-4a98-88e4-35d038992703,
1184,2019-09-14T14:00:00Z,5,SHU,SOU,1920,b2fb5988-21f9-4a98-88e4-35d038992703,
1185,2019-09-14T14:00:00Z,5,TOT,CRY,1920,b2fb5988-21f9-4a98-88e4-35d038992703,
1186,2019-09-14T14:00:00Z,5,WOL,CHE,1920,b2fb5988-21f9-4a98-88e4-35d038992703,
1187,2019-09-14T16:30:00Z,5,NOR,MCI,1920,b2fb5988-21f9-4a98-88e4-35d038992703,
1188,2019-09-15T13:00:00Z,5,BOU,EVE,1920,b2fb5988-21f9-4a98-88e4-35d038992703,
1189,2019-09-15T15:30:00Z,5,WAT,ARS,1920,b2fb5988-21f9-4a98-88e4-35d038992703,
1190,2019-09-16T19:00:00Z,5,AVL,WHU,1920,b2fb5988-21f9-4a98-88e4-35d038992703,
1191,2019-09-20T19:00:00Z,6,SOU,BOU,1920,b2fb5988-21f9-4a98-88e4-35d038992703,
1192,2019-09-21T11:30:00Z,6,LEI,TOT,1920,b2fb5988-21f9-4a98-88e4-35d038992703,
1193,2019-09-21T14:00:00Z,6,BUR,NOR,1920,b2fb5988-21f9-4a98-88e4-35d038992703,
1194,2019-09-21T14:00:00Z,6,EVE,SHU,1920,b2fb5988-21f9-4a98-88e4-35d038992703,
1195,2019-09-21T14:00:00Z,6,MCI,WAT,1920,b2fb5988-21f9-4a98-88e4-35d038992703,
1196,2019-09-21T16:30:00Z,6,NEW,BHA,1920,b2fb5988-21f9-4a98-88e4-35d038992703,
1197,2019-09-22T13:00:00Z,6,CRY,WOL,1920,b2fb5988-21f9-4a98-88e4-35d038992703,
1198,2019-09-22T13:00:00Z,6,WHU,MUN,1920,b2fb5988-21f9-4a98-88e4-35d038992703,
1199,2019-09-22T15:30:00Z,6,ARS,AVL,1920,b2fb5988-21f9-4a98-88e4-35d038992703,
1200,2019-09-22T15:30:00Z,6,CHE,LIV,1920,b2fb5988-21f9-4a98-88e4-35d038992703,
1201,2019-09-28T11:30:00Z,7,SHU,LIV,1920,b2fb5988-21f9-4a98-88e4-35d038992703,
1202,2019-09-28T14:00:00Z,7,AVL,BUR,1920,b2fb5988-21f9-4a98-88e4-35d038992703,
1203,2019-09-28T14:00:00Z,7,BOU,WHU,1920,b2fb5988-21f9-4a98-88e4-35d038992703,
1204,2019-09-28T14:00:00Z,7,CHE,BHA,1920,b2fb5988-21f9-4a98-88e4-35d038992703,
1205,2019-09-28T14:00:00Z,7,CRY,NOR,1920,b2fb5988-21f9-4a98-88e4-35d038992703,
1206,2019-09-28T14:00:00Z,7,TOT,SOU,1920,b2fb5988-21f9-4a98-88e4-35d038992703,
1207,2019-09-28T14:00:00Z,7,WOL,WAT,1920,b2fb5988-21f9-4a98-88e4-35d038992703,
1208,2019-09-28T16:30:00Z,7,EVE,MCI,1920,b2fb5988-21f9-4a98-88e4-35d038992703,
1209,2019-09-29T15:30:00Z,7,LEI,NEW,1920,b2fb5988-21f9-4a98-88e4-35d038992703,
1210,2019-09-30T19:00:00Z,7,MUN,ARS,1920,b2fb5988-21f9-4a98-88e4-35d038992703,
1211,2019-10-05T11:30:00Z,8,BHA,TOT,1920,b2fb5988-21f9-4a98-88e4-35d038992703,
1212,2019-10-05T14:00:00Z,8,BUR,EVE,1920,b2fb5988-21f9-4a98-88e4-35d038992703,
1213,2019-10-05T14:00:00Z,8,LIV,LEI,1920,b2fb5988-21f9-4a98-88e4-35d038992703,
1214,2019-10-05T14:00:00Z,8,NOR,AVL,1920,b2fb5988-21f9-4a98-88e4-35d038992703,
1215,2019-10-05T14:00:00Z,8,WAT,SHU,1920,b2fb5988-21f9-4a98-88e4-35d038992703,
1216,2019-10-05T16:30:00Z,8,WHU,CRY,1920,b2fb5988-21f9-4a98-88e4-35d038992703,
1217,2019-10-06T13:00:00Z,8,ARS,BOU,1920,b2fb5988-21f9-4a98-88e4-35d038992703,
1218,2019-10-06T13:00:00Z,8,MCI,WOL,1920,b2fb5988-21f9-4a98-88e4-35d038992703,
1219,2019-10-06T13:00:00Z,8,SOU,CHE,1920,b2fb5988-21f9-4a98-88e4-35d038992703,
1220,2019-10-06T15:30:00Z,8,NEW,MUN,1920,b2fb5988-21f9-4a98-88e4-35d038992703,
1221,2019-10-19T11:30:00Z,9,EVE,WHU,1920,b2fb5988-21f9-4a98-88e4-35d038992703,
1222,2019-10-19T14:00:00Z,9,AVL,BHA,1920,b2fb5988-21f9-4a98-88e4-35d038992703,
1223,2019-10-19T14:00:00Z,9,BOU,NOR,1920,b2fb5988-21f9-4a98-88e4-35d038992703,
1224,2019-10-19T14:00:00Z,9,CHE,NEW,1920,b2fb5988-21f9-4a98-88e4-35d038992703,
1225,2019-10-19T14:00:00Z,9,LEI,BUR,1920,b2fb5988-21f9-4a98-88e4-35d038992703,
1226,2019-10-19T14:00:00Z,9,TOT,WAT,1920,b2fb5988-21f9-4a98-88e4-35d038992703,
1227,2019-10-19T14:00:00Z,9,WOL,SOU,1920,b2fb5988-21f9-4a98-88e4-35d038992703,
1228,2019-10-19T16:30:00Z,9,CRY,MCI,1920,b2fb5988-21f9-4a98-88e4-35d038992703,
1229,2019-10-20T15:30:00Z,9,MUN,LIV,1920,b2fb5988-21f9-4a98-88e4-35d038992703,
1230,2019-10-21T19:00:00Z,9,SHU,ARS,1920,b2fb5988-21f9-4a98-88e4-35d038992703,
1231,2019-10-25T19:00:00Z,10,SOU,LEI,1920,b2fb5988-21f9-4a98-88e4-35d038992703,
1232,2019-10-26T11:30:00Z,10,MCI,AVL,1920,b2fb5988-21f9-4a98-88e4-35d038992703,
1233,2019-10-26T14:00:00Z,10,BHA,EVE,1920,b2fb5988-21f9-4a98-88e4-35d038992703,
1234,2019-10-26T14:00:00Z,10,WAT,BOU,1920,b2fb5988-21f9-4a98-88e4-35d038992703,
1235,2019-10-26T14:00:00Z,10,WHU,SHU,1920,b2fb5988-21f9-4a98-88e4-35d038992703,
1236,2019-10-26T16:30:00Z,10,BUR,CHE,1920,b2fb5988-21f9-4a98-88e4-35d038992703,
1237,2019-10-27T14:00:00Z,10,NEW,WOL,1920,b2fb5988-21f9-4a98-88e4-35d038992703,
1238,2019-10-27T16:30:00Z,10,ARS,CRY,1920,b2fb5988-21f9-4a98-88e4-35d038992703,
1239,2019-10-27T16:30:00Z,10,LIV,TOT,1920,b2fb5988-21f9-4a98-88e4-35d038992703,
1240,2019-10-27T16:30:00Z,10,NOR,MUN,1920,b2fb5988-21f9-4a98-88e4-35d038992703,
1241,2019-11-02T12:30:00Z,11,BOU,MUN,1920,b2fb5988-21f9-4a98-88e4-35d038992703,
1242,2019-11-02T15:00:00Z,11,ARS,WOL,1920,b2fb5988-21f9-4a98-88e4-35d038992703,
1243,2019-11-02T15:00:00Z,11,AVL,LIV,1920,b2fb5988-21f9-4a98-88e4-35d038992703,
1244,2019-11-02T15:00:00Z,11,BHA,NOR,1920,b2fb5988-21f9-4a98-88e4-35d038992703,
1245,2019-11-02T15:00:00Z,11,MCI,SOU,1920,b2fb5988-21f9-4a98-88e4-35d038992703,
1246,2019-11-02T15:00:00Z,11,SHU,BUR,1920,b2fb5988-21f9-4a98-88e4-35d038992703,
1247,2019-11-02T15:00:00Z,11,WHU,NEW,1920,b2fb5988-21f9-4a98-88e4-35d038992703,
1248,2019-11-02T17:30:00Z,11,WAT,CHE,1920,b2fb5988-21f9-4a98-88e4-35d038992703,
1249,2019-11-03T14:00:00Z,11,CRY,LEI,1920,b2fb5988-21f9-4a98-88e4-35d038992703,
1250,2019-11-03T16:30:00Z,11,EVE,TOT,1920,b2fb5988-21f9-4a98-88e4-35d038992703,
1251,2019-11-08T20:00:00Z,12,NOR,WAT,1920,b2fb5988-21f9-4a98-88e4-35d038992703,
1252,2019-11-09T12:30:00Z,12,CHE,CRY,1920,b2fb5988-21f9-4a98-88e4-35d038992703,
1253,2019-11-09T15:00:00Z,12,BUR,WHU,1920,b2fb5988-21f9-4a98-88e4-35d038992703,
1254,2019-11-09T15:00:00Z,12,NEW,BOU,1920,b2fb5988-21f9-4a98-88e4-35d038992703,
1255,2019-11-09T15:00:00Z,12,SOU,EVE,1920,b2fb5988-21f9-4a98-88e4-35d038992703,
1256,2019-11-09T15:00:00Z,12,TOT,SHU,1920,b2fb5988-21f9-4a98-88e4-35d038992703,
1257,2019-11-09T17:30:00Z,12,LEI,ARS,1920,b2fb5988-21f9-4a98-88e4-35d038992703,
1258,2019-11-10T14:00:00Z,12,MUN,BHA,1920,b2fb5988-21f9-4a98-88e4-35d038992703,
1259,2019-11-10T14:00:00Z,12,WOL,AVL,1920,b2fb5988-21f9-4a98-88e4-35d038992703,
1260,2019-11-10T16:30:00Z,12,LIV,MCI,1920,b2fb5988-21f9-4a98-88e4-35d038992703,
1261,2019-11-23T12:30:00Z,13,WHU,TOT,1920,b2fb5988-21f9-4a98-88e4-35d038992703,
1262,2019-11-23T15:00:00Z,13,ARS,SOU,1920,b2fb5988-21f9-4a98-88e4-35d038992703,
1263,2019-11-23T15:00:00Z,13,BOU,WOL,1920,b2fb5988-21f9-4a98-88e4-35d038992703,
1264,2019-11-23T15:00:00Z,13,BHA,LEI,1920,b2fb5988-21f9-4a98-88e4-35d038992703,
1265,2019-11-23T15:00:00Z,13,CRY,LIV,1920,b2fb5988-21f9-4a98-88e4-35d038992703,
1266,2019-11-23T15:00:00Z,13,EVE,NOR,1920,b2fb5988-21f9-4a98-88e4-35d038992703,
1267,2019-11-23T15:00:00Z,13,WAT,BUR,1920,b2fb5988-21f9-4a98-88e4-35d038992703,
1268,2019-11-23T17:30:00Z,13,MCI,CHE,1920,b2fb5988-21f9-4a98-88e4-35d038992703,
1269,2019-11-24T16:30:00Z,13,SHU,MUN,1920,b2fb5988-21f9-4a98-88e4-35d038992703,
1270,2019-11-25T20:00:00Z,13,AVL,NEW,1920,b2fb5988-21f9-4a98-88e4-35d038992703,
1271,2019-11-30T12:30:00Z,14,NEW,MCI,1920,b2fb5988-21f9-4a98-88e4-35d038992703,
1272,2019-11-30T15:00:00Z,14,BUR,CRY,1920,b2fb5988-21f9-4a98-88e4-35d038992703,
1273,2019-11-30T15:00:00Z,14,CHE,WHU,1920,b2fb5988-21f9-4a98-88e4-35d038992703,
1274,2019-11-30T15:00:00Z,14,LIV,BHA,1920,b2fb5988-21f9-4a98-88e4-35d038992703,
1275,2019-11-30T15:00:00Z,14,TOT,BOU,1920,b2fb5988-21f9-4a98-88e4-35d038992703,
1276,2019-11-30T17:30:00Z,14,SOU,WAT,1920,b2fb5988-21f9-4a98-88e4-35d038992703,
1277,2019-12-01T14:00:00Z,14,NOR,ARS,1920,b2fb5988-21f9-4a98-88e4-35d038992703,
1278,2019-12-01T14:00:00Z,14,WOL,SHU,1920,b2fb5988-21f9-4a98-88e4-35d038992703,
1279,2019-12-01T16:30:00Z,14,LEI,EVE,1920,b2fb5988-21f9-4a98-88e4-35d038992703,
1280,2019-12-01T16:30:00Z,14,MUN,AVL,1920,b2fb5988-21f9-4a98-88e4-35d038992703,
1281,2019-12-03T19:30:00Z,15,CRY,BOU,1920,b2fb5988-21f9-4a98-88e4-35d038992703,
1282,2019-12-03T20:15:00Z,15,BUR,MCI,1920,b2fb5988-21f9-4a98-88e4-35d038992703,
1283,2019-12-04T19:30:00Z,15,CHE,AVL,1920,b2fb5988-21f9-4a98-88e4-35d038992703,
1284,2019-12-04T19:30:00Z,15,LEI,WAT,1920,b2fb5988-21f9-4a98-88e4-35d038992703,
1285,2019-12-04T19:30:00Z,15,MUN,TOT,1920,b2fb5988-21f9-4a98-88e4-35d038992703,
1286,2019-12-04T19:30:00Z,15,SOU,NOR,1920,b2fb5988-21f9-4a98-88e4-35d038992703,
1287,2019-12-04T19:30:00Z,15,WOL,WHU,1920,b2fb5988-21f9-4a98-88e4-35d038992703,
1288,2019-12-04T20:15:00Z,15,LIV,EVE,1920,b2fb5988-21f9-4a98-88e4-35d038992703,
1289,2019-12-05T19:30:00Z,15,SHU,NEW,1920,b2fb5988-21f9-4a98-88e4-35d038992703,
1290,2019-12-05T20:15:00Z,15,ARS,BHA,1920,b2fb5988-21f9-4a98-88e4-35d038992703,
1291,2019-12-07T12:30:00Z,16,EVE,CHE,1920,b2fb5988-21f9-4a98-88e4-35d038992703,
1292,2019-12-07T15:00:00Z,16,BOU,LIV,1920,b2fb5988-21f9-4a98-88e4-35d038992703,
1293,2019-12-07T15:00:00Z,16,TOT,BUR,1920,b2fb5988-21f9-4a98-88e4-35d038992703,
1294,2019-12-07T15:00:00Z,16,WAT,CRY,1920,b2fb5988-21f9-4a98-88e4-35d038992703,
1295,2019-12-07T17:30:00Z,16,MCI,MUN,1920,b2fb5988-21f9-4a98-88e4-35d038992703,
1296,2019-12-08T14:00:00Z,16,AVL,LEI,1920,b2fb5988-21f9-4a98-88e4-35d038992703,
1297,2019-12-08T14:00:00Z,16,NEW,SOU,1920,b2fb5988-21f9-4a98-88e4-35d038992703,
1298,2019-12-08T14:00:00Z,16,NOR,SHU,1920,b2fb5988-21f9-4a98-88e4-35d038992703,
1299,2019-12-08T16:30:00Z,16,BHA,WOL,1920,b2fb5988-21f9-4a98-88e4-35d038992703,
1300,2019-12-09T20:00:00Z,16,WHU,ARS,1920,b2fb5988-21f9-4a98-88e4-35d038992703,
1301,2019-12-14T12:30:00Z,17,LIV,WAT,1920,b2fb5988-21f9-4a98-88e4-35d038992703,
1302,2019-12-14T15:00:00Z,17,BUR,NEW,1920,b2fb5988-21f9-4a98-88e4-35d038992703,
1303,2019-12-14T15:00:00Z,17,CHE,BOU,1920,b2fb5988-21f9-4a98-88e4-35d038992703,
1304,2019-12-14T15:00:00Z,17,LEI,NOR,1920,b2fb5988-21f9-4a98-88e4-35d038992703,
1305,2019-12-14T15:00:00Z,17,SHU,AVL,1920,b2fb5988-21f9-4a98-88e4-35d038992703,
1306,2019-12-14T17:30:00Z,17,SOU,WHU,1920,b2fb5988-21f9-4a98-88e4-35d038992703,
1307,2019-12-15T14:00:00Z,17,MUN,EVE,1920,b2fb5988-21f9-4a98-88e4-35d038992703,
1308,2019-12-15T14:00:00Z,17,WOL,TOT,1920,b2fb5988-21f9-4a98-88e4-35d038992703,
1309,2019-12-15T16:30:00Z,17,ARS,MCI,1920,b2fb5988-21f9-4a98-88e4-35d038992703,
1310,2019-12-16T19:45:00Z,17,CRY,BHA,1920,b2fb5988-21f9-4a98-88e4-35d038992703,
1311,2019-12-21T12:30:00Z,18,EVE,ARS,1920,b2fb5988-21f9-4a98-88e4-35d038992703,
1312,2019-12-21T15:00:00Z,18,AVL,SOU,1920,b2fb5988-21f9-4a98-88e4-35d038992703,
1313,2019-12-21T15:00:00Z,18,BOU,BUR,1920,b2fb5988-21f9-4a98-88e4-35d038992703,
1314,2019-12-21T15:00:00Z,18,BHA,SHU,1920,b2fb5988-21f9-4a98-88e4-35d038992703,
1315,2019-12-21T15:00:00Z,18,NEW,CRY,1920,b2fb5988-21f9-4a98-88e4-35d038992703,
1316,2019-12-21T15:00:00Z,18,NOR,WOL,1920,b2fb5988-21f9-4a98-88e4-35d038992703,
1317,2019-12-21T17:30:00Z,18,MCI,LEI,1920,b2fb5988-21f9-4a98-88e4-35d038992703,
1318,2019-12-22T14:00:00Z,18,WAT,MUN,1920,b2fb5988-21f9-4a98-88e4-35d038992703,
1319,2019-12-22T16:30:00Z,18,TOT,CHE,1920,b2fb5988-21f9-4a98-88e4-35d038992703,
1320,2019-12-26T12:30:00Z,19,TOT,BHA,1920,b2fb5988-21f9-4a98-88e4-35d038992703,
1321,2019-12-26T15:00:00Z,19,AVL,NOR,1920,b2fb5988-21f9-4a98-88e4-35d038992703,
1322,2019-12-26T15:00:00Z,19,BOU,ARS,1920,b2fb5988-21f9-4a98-88e4-35d038992703,
1323,2019-12-26T15:00:00Z,19,CHE,SOU,1920,b2fb5988-21f9-4a98-88e4-35d038992703,
1324,2019-12-26T15:00:00Z,19,CRY,WHU,1920,b2fb5988-21f9-4a98-88e4-35d038992703,
1325,2019-12-26T15:00:00Z,19,EVE,BUR,1920,b2fb5988-21f9-4a98-88e4-35d038992703,
1326,2019-12-26T15:00:00Z,19,SHU,WAT,1920,b2fb5988-21f9-4a98-88e4-35d038992703,
1327,2019-12-26T17:30:00Z,19,MUN,NEW,1920,b2fb5988-21f9-4a98-88e4-35d038992703,
1328,2019-12-26T20:00:00Z,19,LEI,LIV,1920,b2fb5988-21f9-4a98-88e4-35d038992703,
1329,2019-12-27T19:45:00Z,19,WOL,MCI,1920,b2fb5988-21f9-4a98-88e4-35d038992703,
1330,2019-12-28T12:30:00Z,20,BHA,BOU,1920,b2fb5988-21f9-4a98-88e4-35d038992703,
1331,2019-12-28T15:00:00Z,20,NEW,EVE,1920,b2fb5988-21f9-4a98-88e4-35d038992703,
1332,2019-12-28T15:00:00Z,20,SOU,CRY,1920,b2fb5988-21f9-4a98-88e4-35d038992703,
1333,2019-12-28T15:00:00Z,20,WAT,AVL,1920,b2fb5988-21f9-4a98-88e4-35d038992703,
1334,2019-12-28T17:30:00Z,20,NOR,TOT,1920,b2fb5988-21f9-4a98-88e4-35d038992703,
1335,2019-12-28T17:30:00Z,20,WHU,LEI,1920,b2fb5988-21f9-4a98-88e4-35d038992703,
1336,2019-12-28T19:45:00Z,20,BUR,MUN,1920,b2fb5988-21f9-4a98-88e4-35d038992703,
1337,2019-12-29T14:00:00Z,20,ARS,CHE,1920,b2fb5988-21f9-4a98-88e4-35d038992703,
1338,2019-12-29T16:30:00Z,20,LIV,WOL,1920,b2fb5988-21f9-4a98-88e4-35d038992703,
1339,2019-12-29T18:00:00Z,20,MCI,SHU,1920,b2fb5988-21f9-4a98-88e4-35d038992703,
1340,2020-01-01T12:30:00Z,21,BHA,CHE,1920,b2fb5988-21f9-4a98-88e4-35d038992703,
1341,2020-01-01T12:30:00Z,21,BUR,AVL,1920,b2fb5988-21f9-4a98-88e4-35d038992703,
1342,2020-01-01T15:00:00Z,21,NEW,LEI,1920,b2fb5988-21f9-4a98-88e4-35d038992703,
1343,2020-01-01T15:00:00Z,21,SOU,TOT,1920,b2fb5988-21f9-4a98-88e4-35d038992703,
1344,2020-01-01T15:00:00Z,21,WAT,WOL,1920,b2fb5988-21f9-4a98-88e4-35d038992703,
1345,2020-01-01T17:30:00Z,21,MCI,EVE,1920,b2fb5988-21f9-4a98-88e4-35d038992703,
1346,2020-01-01T17:30:00Z,21,NOR,CRY,1920,b2fb5988-21f9-4a98-88e4-35d038992703,
1347,2020-01-01T17:30:00Z,21,WHU,BOU,1920,b2fb5988-21f9-4a98-88e4-35d038992703,
1348,2020-01-01T20:00:00Z,21,ARS,MUN,1920,b2fb5988-21f9-4a98-88e4-35d038992703,
1349,2020-01-02T20:00:00Z,21,LIV,SHU,1920,b2fb5988-21f9-4a98-88e4-35d038992703,
1350,2020-01-10T20:00:00Z,22,SHU,WHU,1920,b2fb5988-21f9-4a98-88e4-35d038992703,
1351,2020-01-11T12:30:00Z,22,CRY,ARS,1920,b2fb5988-21f9-4a98-88e4-35d038992703,
1352,2020-01-11T15:00:00Z,22,CHE,BUR,1920,b2fb5988-21f9-4a98-88e4-35d038992703,
1353,2020-01-11T15:00:00Z,22,EVE,BHA,1920,b2fb5988-21f9-4a98-88e4-35d038992703,
1354,2020-01-11T15:00:00Z,22,LEI,SOU,1920,b2fb5988-21f9-4a98-88e4-35d038992703,
1355,2020-01-11T15:00:00Z,22,MUN,NOR,1920,b2fb5988-21f9-4a98-88e4-35d038992703,
1356,2020-01-11T15:00:00Z,22,WOL,NEW,1920,b2fb5988-21f9-4a98-88e4-35d038992703,
1357,2020-01-11T17:30:00Z,22,TOT,LIV,1920,b2fb5988-21f9-4a98-88e4-35d038992703,
1358,2020-01-12T14:00:00Z,22,BOU,WAT,1920,b2fb5988-21f9-4a98-88e4-35d038992703,
1359,2020-01-12T16:30:00Z,22,AVL,MCI,1920,b2fb5988-21f9-4a98-88e4-35d038992703,
1360,2020-01-18T12:30:00Z,23,WAT,TOT,1920,b2fb5988-21f9-4a98-88e4-35d038992703,
1361,2020-01-18T15:00:00Z,23,ARS,SHU,1920,b2fb5988-21f9-4a98-88e4-35d038992703,
1362,2020-01-18T15:00:00Z,23,BHA,AVL,1920,b2fb5988-21f9-4a98-88e4-35d038992703,
1363,2020-01-18T15:00:00Z,23,MCI,CRY,1920,b2fb5988-21f9-4a98-88e4-35d038992703,
1364,2020-01-18T15:00:00Z,23,NOR,BOU,1920,b2fb5988-21f9-4a98-88e4-35d038992703,
1365,2020-01-18T15:00:00Z,23,SOU,WOL,1920,b2fb5988-21f9-4a98-88e4-35d038992703,
1366,2020-01-18T15:00:00Z,23,WHU,EVE,1920,b2fb5988-21f9-4a98-88e4-35d038992703,
1367,2020-01-18T17:30:00Z,23,NEW,CHE,1920,b2fb5988-21f9-4a98-88e4-35d038992703,
1368,2020-01-19T14:00:00Z,23,BUR,LEI,1920,b2fb5988-21f9-4a98-88e4-35d038992703,
1369,2020-01-19T16:30:00Z,23,LIV,MUN,1920,b2fb5988-21f9-4a98-88e4-35d038992703,
1370,2020-01-21T19:30:00Z,24,AVL,WAT,1920,b2fb5988-21f9-4a98-88e4-35d038992703,
1371,2020-01-21T19:30:00Z,24,BOU,BHA,1920,b2fb5988-21f9-4a98-88e4-35d038992703,
1372,2020-01-21T19:30:00Z,24,CRY,SOU,1920,b2fb5988-21f9-4a98-88e4-35d038992703,
1373,2020-01-21T19:30:00Z,24,EVE,NEW,1920,b2fb5988-21f9-4a98-88e4-35d038992703,
1374,2020-01-21T19:30:00Z,24,SHU,MCI,1920,b2fb5988-21f9-4a98-88e4-35d038992703,
1375,2020-01-21T20:15:00Z,24,CHE,ARS,1920,b2fb5988-21f9-4a98-88e4-35d038992703,
1376,2020-01-22T19:30:00Z,24,LEI,WHU,1920,b2fb5988-21f9-4a98-88e4-35d038992703,
1377,2020-01-22T19:30:00Z,24,TOT,NOR,1920,b2fb5988-21f9-4a98-88e4-35d038992703,
1378,2020-01-22T20:15:00Z,24,MUN,BUR,1920,b2fb5988-21f9-4a98-88e4-35d038992703,
1379,2020-01-23T20:00:00Z,24,WOL,LIV,1920,b2fb5988-21f9-4a98-88e4-35d038992703,
1380,2020-01-29T19:45:00Z,24,WHU,LIV,1920,b2fb5988-21f9-4a98-88e4-35d038992703,
1381,2020-02-01T12:30:00Z,25,LEI,CHE,1920,b2fb5988-21f9-4a98-88e4-35d038992703,
1382,2020-02-01T15:00:00Z,25,BOU,AVL,1920,b2fb5988-21f9-4a98-88e4-35d038992703,
1383,2020-02-01T15:00:00Z,25,CRY,SHU,1920,b2fb5988-21f9-4a98-88e4-35d038992703,
1384,2020-02-01T15:00:00Z,25,LIV,SOU,1920,b2fb5988-21f9-4a98-88e4-35d038992703,
1385,2020-02-01T15:00:00Z,25,NEW,NOR,1920,b2fb5988-21f9-4a98-88e4-35d038992703,
1386,2020-02-01T15:00:00Z,25,WAT,EVE,1920,b2fb5988-21f9-4a98-88e4-35d038992703,
1387,2020-02-01T15:00:00Z,25,WHU,BHA,1920,b2fb5988-21f9-4a98-88e4-35d038992703,
1388,2020-02-01T17:30:00Z,25,MUN,WOL,1920,b2fb5988-21f9-4a98-88e4-35d038992703,
1389,2020-02-02T14:00:00Z,25,BUR,ARS,1920,b2fb5988-21f9-4a98-88e4-35d038992703,
1390,2020-02-02T16:30:00Z,25,TOT,MCI,1920,b2fb5988-21f9-4a98-88e4-35d038992703,
1391,2020-02-08T12:30:00Z,26,EVE,CRY,1920,b2fb5988-21f9-4a98-88e4-35d038992703,
1392,2020-02-08T17:30:00Z,26,BHA,WAT,1920,b2fb5988-21f9-4a98-88e4-35d038992703,
1393,2020-02-09T14:00:00Z,26,SHU,BOU,1920,b2fb5988-21f9-4a98-88e4-35d038992703,
1394,2020-02-14T20:00:00Z,26,WOL,LEI,1920,b2fb5988-21f9-4a98-88e4-35d038992703,
1395,2020-02-15T12:30:00Z,26,SOU,BUR,1920,b2fb5988-21f9-4a98-88e4-35d038992703,
1396,2020-02-15T17:30:00Z,26,NOR,LIV,1920,b2fb5988-21f9-4a98-88e4-35d038992703,
1397,2020-02-16T14:00:00Z,26,AVL,TOT,1920,b2fb5988-21f9-4a98-88e4-35d038992703,
1398,2020-02-16T16:30:00Z,26,ARS,NEW,1920,b2fb5988-21f9-4a98-88e4-35d038992703,
1399,2020-02-17T20:00:00Z,26,CHE,MUN,1920,b2fb5988-21f9-4a98-88e4-35d038992703,
1400,2020-02-19T19:30:00Z,26,MCI,WHU,1920,b2fb5988-21f9-4a98-88e4-35d038992703,
1401,2020-02-22T12:30:00Z,27,CHE,TOT,1920,b2fb5988-21f9-4a98-88e4-35d038992703,
1402,2020-02-22T15:00:00Z,27,BUR,BOU,1920,b2fb5988-21f9-4a98-88e4-35d038992703,
1403,2020-02-22T15:00:00Z,27,CRY,NEW,1920,b2fb5988-21f9-4a98-88e4-35d038992703,
1404,2020-02-22T15:00:00Z,27,SHU,BHA,1920,b2fb5988-21f9-4a98-88e4-35d038992703,
1405,2020-02-22T15:00:00Z,27,SOU,AVL,1920,b2fb5988-21f9-4a98-88e4-35d038992703,
1406,2020-02-22T17:30:00Z,27,LEI,MCI,1920,b2fb5988-21f9-4a98-88e4-35d038992703,
1407,2020-02-23T14:00:00Z,27,MUN,WAT,1920,b2fb5988-21f9-4a98-88e4-35d038992703,
1408,2020-02-23T14:00:00Z,27,WOL,NOR,1920,b2fb5988-21f9-4a98-88e4-35d038992703,
1409,2020-02-23T16:30:00Z,27,ARS,EVE,1920,b2fb5988-21f9-4a98-88e4-35d038992703,
1410,2020-02-24T20:00:00Z,27,LIV,WHU,1920,b2fb5988-21f9-4a98-88e4-35d038992703,
1411,2020-02-28T20:00:00Z,28,NOR,LEI,1920,b2fb5988-21f9-4a98-88e4-35d038992703,
1412,2020-02-29T12:30:00Z,28,BHA,CRY,1920,b2fb5988-21f9-4a98-88e4-35d038992703,
1413,2020-02-29T15:00:00Z,28,BOU,CHE,1920,b2fb5988-21f9-4a98-88e4-35d038992703,
1414,2020-02-29T15:00:00Z,28,NEW,BUR,1920,b2fb5988-21f9-4a98-88e4-35d038992703,
1415,2020-02-29T15:00:00Z,28,WHU,SOU,1920,b2fb5988-21f9-4a98-88e4-35d038992703,
1416,2020-02-29T17:30:00Z,28,WAT,LIV,1920,b2fb5988-21f9-4a98-88e4-35d038992703,
1417,2020-03-01T14:00:00Z,28,EVE,MUN,1920,b2fb5988-21f9-4a98-88e4-35d038992703,
1418,2020-03-01T14:00:00Z,28,TOT,WOL,1920,b2fb5988-21f9-4a98-88e4-35d038992703,
1419,2020-03-07T12:30:00Z,29,LIV,BOU,1920,b2fb5988-21f9-4a98-88e4-35d038992703,
1420,2020-03-07T15:00:00Z,29,ARS,WHU,1920,b2fb5988-21f9-4a98-88e4-35d038992703,
1421,2020-03-07T15:00:00Z,29,CRY,WAT,1920,b2fb5988-21f9-4a98-88e4-35d038992703,
1422,2020-03-07T15:00:00Z,29,SHU,NOR,1920,b2fb5988-21f9-4a98-88e4-35d038992703,
1423,2020-03-07T15:00:00Z,29,SOU,NEW,1920,b2fb5988-21f9-4a98-88e4-35d038992703,
1424,2020-03-07T15:00:00Z,29,WOL,BHA,1920,b2fb5988-21f9-4a98-88e4-35d038992703,
1425,2020-03-07T17:30:00Z,29,BUR,TOT,1920,b2fb5988-21f9-4a98-88e4-35d038992703,
1426,2020-03-08T14:00:00Z,29,CHE,EVE,1920,b2fb5988-21f9-4a98-88e4-35d038992703,
1427,2020-03-08T16:30:00Z,29,MUN,MCI,1920,b2fb5988-21f9-4a98-88e4-35d038992703,
1428,2020-03-09T20:00:00Z,29,LEI,AVL,1920,b2fb5988-21f9-4a98-88e4-35d038992703,
1429,2020-06-17T17:00:00Z,39,AVL,SHU,1920,b2fb5988-21f9-4a98-88e4-35d038992703,
1430,2020-06-17T19:15:00Z,39,MCI,ARS,1920,b2fb5988-21f9-4a98-88e4-35d038992703,
1431,2020-06-19T17:00:00Z,39,NOR,SOU,1920,b2fb5988-21f9-4a98-88e4-35d038992703,
1432,2020-06-19T19:15:00Z,39,TOT,MUN,1920,b2fb5988-21f9-4a98-88e4-35d038992703,
1433,2020-06-20T11:30:00Z,39,WAT,LEI,1920,b2fb5988-21f9-4a98-88e4-35d038992703,
1434,2020-06-20T14:00:00Z,39,BHA,ARS,1920,b2fb5988-21f9-4a98-88e4-35d038992703,
1435,2020-06-20T16:30:00Z,39,WHU,WOL,1920,b2fb5988-21f9-4a98-88e4-35d038992703,
1436,2020-06-20T18:45:00Z,39,BOU,CRY,1920,b2fb5988-21f9-4a98-88e4-35d038992703,
1437,2020-06-21T13:00:00Z,39,NEW,SHU,1920,b2fb5988-21f9-4a98-88e4-35d038992703,
1438,2020-06-21T15:15:00Z,39,AVL,CHE,1920,b2fb5988-21f9-4a98-88e4-35d038992703,
1439,2020-06-21T18:00:00Z,39,EVE,LIV,1920,b2fb5988-21f9-4a98-88e4-35d038992703,
1440,2020-06-22T19:00:00Z,39,MCI,BUR,1920,b2fb5988-21f9-4a98-88e4-35d038992703,
1441,2020-06-23T17:00:00Z,40,LEI,BHA,1920,b2fb5988-21f9-4a98-88e4-35d038992703,
1442,2020-06-23T19:15:00Z,40,TOT,WHU,1920,b2fb5988-21f9-4a98-88e4-35d038992703,
1443,2020-06-24T17:00:00Z,40,MUN,SHU,1920,b2fb5988-21f9-4a98-88e4-35d038992703,
1444,2020-06-24T17:00:00Z,40,NEW,AVL,1920,b2fb5988-21f9-4a98-88e4-35d038992703,
1445,2020-06-24T17:00:00Z,40,NOR,EVE,1920,b2fb5988-21f9-4a98-88e4-35d038992703,
1446,2020-06-24T17:00:00Z,40,WOL,BOU,1920,b2fb5988-21f9-4a98-88e4-35d038992703,
1447,2020-06-24T19:15:00Z,40,LIV,CRY,1920,b2fb5988-21f9-4a98-88e4-35d038992703,
1448,2020-06-25T17:00:00Z,40,BUR,WAT,1920,b2fb5988-21f9-4a98-88e4-35d038992703,
1449,2020-06-25T17:00:00Z,40,SOU,ARS,1920,b2fb5988-21f9-4a98-88e4-35d038992703,
1450,2020-06-25T19:15:00Z,40,CHE,MCI,1920,b2fb5988-21f9-4a98-88e4-35d038992703,
1451,2020-06-27T11:30:00Z,41,AVL,WOL,1920,b2fb5988-21f9-4a98-88e4-35d038992703,
1452,2020-06-28T15:30:00Z,41,WAT,SOU,1920,b2fb5988-21f9-4a98-88e4-35d038992703,
1453,2020-06-29T19:00:00Z,41,CRY,BUR,1920,b2fb5988-21f9-4a98-88e4-35d038992703,
1454,2020-06-30T19:15:00Z,41,BHA,MUN,1920,b2fb5988-21f9-4a98-88e4-35d038992703,
1455,2020-07-01T17:00:00Z,41,ARS,NOR,1920,b2fb5988-21f9-4a98-88e4-35d038992703,
1456,2020-07-01T17:00:00Z,41,BOU,NEW,1920,b2fb5988-21f9-4a98-88e4-35d038992703,
1457,2020-07-01T17:00:00Z,41,EVE,LEI,1920,b2fb5988-21f9-4a98-88e4-35d038992703,
1458,2020-07-01T19:15:00Z,41,WHU,CHE,1920,b2fb5988-21f9-4a98-88e4-35d038992703,
1459,2020-07-02T17:00:00Z,41,SHU,TOT,1920,b2fb5988-21f9-4a98-88e4-35d038992703,
1460,2020-07-02T19:15:00Z,41,MCI,LIV,1920,b2fb5988-21f9-4a98-88e4-35d038992703,
1461,2020-07-04T11:30:00Z,42,NOR,BHA,1920,b2fb5988-21f9-4a98-88e4-35d038992703,
1462,2020-07-04T14:00:00Z,42,LEI,CRY,1920,b2fb5988-21f9-4a98-88e4-35d038992703,
1463,2020-07-04T14:00:00Z,42,MUN,BOU,1920,b2fb5988-21f9-4a98-88e4-35d038992703,
1464,2020-07-04T16:30:00Z,42,WOL,ARS,1920,b2fb5988-21f9-4a98-88e4-35d038992703,
1465,2020-07-04T19:00:00Z,42,CHE,WAT,1920,b2fb5988-21f9-4a98-88e4-35d038992703,
1466,2020-07-05T11:00:00Z,42,BUR,SHU,1920,b2fb5988-21f9-4a98-88e4-35d038992703,
1467,2020-07-05T13:15:00Z,42,NEW,WHU,1920,b2fb5988-21f9-4a98-88e4-35d038992703,
1468,2020-07-05T15:30:00Z,42,LIV,AVL,1920,b2fb5988-21f9-4a98-88e4-35d038992703,
1469,2020-07-05T18:00:00Z,42,SOU,MCI,1920,b2fb5988-21f9-4a98-88e4-35d038992703,
1470,2020-07-06T19:00:00Z,42,TOT,EVE,1920,b2fb5988-21f9-4a98-88e4-35d038992703,
1471,2020-07-07T17:00:00Z,43,CRY,CHE,1920,b2fb5988-21f9-4a98-88e4-35d038992703,
1472,2020-07-07T17:00:00Z,43,WAT,NOR,1920,b2fb5988-21f9-4a98-88e4-35d038992703,
1473,2020-07-07T19:15:00Z,43,ARS,LEI,1920,b2fb5988-21f9-4a98-88e4-35d038992703,
1474,2020-07-08T17:00:00Z,43,MCI,NEW,1920,b2fb5988-21f9-4a98-88e4-35d038992703,
1475,2020-07-08T17:00:00Z,43,SHU,WOL,1920,b2fb5988-21f9-4a98-88e4-35d038992703,
1476,2020-07-08T17:00:00Z,43,WHU,BUR,1920,b2fb5988-21f9-4a98-88e4-35d038992703,
1477,2020-07-08T19:15:00Z,43,BHA,LIV,1920,b2fb5988-21f9-4a98-88e4-35d038992703,
1478,2020-07-09T17:00:00Z,43,BOU,TOT,1920,b2fb5988-21f9-4a98-88e4-35d038992703,
1479,2020-07-09T17:00:00Z,43,EVE,SOU,1920,b2fb5988-21f9-4a98-88e4-35d038992703,
1480,2020-07-09T19:15:00Z,43,AVL,MUN,1920,b2fb5988-21f9-4a98-88e4-35d038992703,
1481,2020-07-11T11:30:00Z,44,NOR,WHU,1920,b2fb5988-21f9-4a98-88e4-35d038992703,
1482,2020-07-11T11:30:00Z,44,WAT,NEW,1920,b2fb5988-21f9-4a98-88e4-35d038992703,
1483,2020-07-11T14:00:00Z,44,LIV,BUR,1920,b2fb5988-21f9-4a98-88e4-35d038992703,
1484,2020-07-11T16:30:00Z,44,SHU,CHE,1920,b2fb5988-21f9-4a98-88e4-35d038992703,
1485,2020-07-11T19:00:00Z,44,BHA,MCI,1920,b2fb5988-21f9-4a98-88e4-35d038992703,
1486,2020-07-12T11:00:00Z,44,WOL,EVE,1920,b2fb5988-21f9-4a98-88e4-35d038992703,
1487,2020-07-12T13:15:00Z,44,AVL,CRY,1920,b2fb5988-21f9-4a98-88e4-35d038992703,
1488,2020-07-12T15:30:00Z,44,TOT,ARS,1920,b2fb5988-21f9-4a98-88e4-35d038992703,
1489,2020-07-12T18:00:00Z,44,BOU,LEI,1920,b2fb5988-21f9-4a98-88e4-35d038992703,
1490,2020-07-13T19:00:00Z,44,MUN,SOU,1920,b2fb5988-21f9-4a98-88e4-35d038992703,
1491,2020-07-14T19:15:00Z,45,CHE,NOR,1920,b2fb5988-21f9-4a98-88e4-35d038992703,
1492,2020-07-15T17:00:00Z,45,BUR,WOL,1920,b2fb5988-21f9-4a98-88e4-35d038992703,
1493,2020-07-15T17:00:00Z,45,MCI,BOU,1920,b2fb5988-21f9-4a98-88e4-35d038992703,
1494,2020-07-15T17:00:00Z,45,NEW,TOT,1920,b2fb5988-21f9-4a98-88e4-35d038992703,
1495,2020-07-15T19:15:00Z,45,ARS,LIV,1920,b2fb5988-21f9-4a98-88e4-35d038992703,
1496,2020-07-16T17:00:00Z,45,EVE,AVL,1920,b2fb5988-21f9-4a98-88e4-35d038992703,
1497,2020-07-16T17:00:00Z,45,LEI,SHU,1920,b2fb5988-21f9-4a98-88e4-35d038992703,
1498,2020-07-16T19:15:00Z,45,CRY,MUN,1920,b2fb5988-21f9-4a98-88e4-35d038992703,
1499,2020-07-16T19:15:00Z,45,SOU,BHA,1920,b2fb5988-21f9-4a98-88e4-35d038992703,
1500,2020-07-17T19:00:00Z,45,WHU,WAT,1920,b2fb5988-21f9-4a98-88e4-35d038992703,
1501,2020-07-18T16:30:00Z,46,NOR,BUR,1920,b2fb5988-21f9-4a98-88e4-35d038992703,
1502,2020-07-19T13:00:00Z,46,BOU,SOU,1920,b2fb5988-21f9-4a98-88e4-35d038992703,
1503,2020-07-19T15:00:00Z,46,TOT,LEI,1920,b2fb5988-21f9-4a98-88e4-35d038992703,
1504,2020-07-20T17:00:00Z,46,BHA,NEW,1920,b2fb5988-21f9-4a98-88e4-35d038992703,
1505,2020-07-20T17:00:00Z,46,SHU,EVE,1920,b2fb5988-21f9-4a98-88e4-35d038992703,
1506,2020-07-20T19:15:00Z,46,WOL,CRY,1920,b2fb5988-21f9-4a98-88e4-35d038992703,
1507,2020-07-21T17:00:00Z,46,WAT,MCI,1920,b2fb5988-21f9-4a98-88e4-35d038992703,
1508,2020-07-21T19:15:00Z,46,AVL,ARS,1920,b2fb5988-21f9-4a98-88e4-35d038992703,
1509,2020-07-22T17:00:00Z,46,MUN,WHU,1920,b2fb5988-21f9-4a98-88e4-35d038992703,
1510,2020-07-22T19:15:00Z,46,LIV,CHE,1920,b2fb5988-21f9-4a98-88e4-35d038992703,
1511,2020-07-26T15:00:00Z,47,ARS,WAT,1920,b2fb5988-21f9-4a98-88e4-35d038992703,
1512,2020-07-26T15:00:00Z,47,BUR,BHA,1920,b2fb5988-21f9-4a98-88e4-35d038992703,
1513,2020-07-26T15:00:00Z,47,CHE,WOL,1920,b2fb5988-21f9-4a98-88e4-35d038992703,
1514,2020-07-26T15:00:00Z,47,CRY,TOT,1920,b2fb5988-21f9-4a98-88e4-35d038992703,
1515,2020-07-26T15:00:00Z,47,EVE,BOU,1920,b2fb5988-21f9-4a98-88e4-35d038992703,
1516,2020-07-26T15:00:00Z,47,LEI,MUN,1920,b2fb5988-21f9-4a98-88e4-35d038992703,
1517,2020-07-26T15:00:00Z,47,MCI,NOR,1920,b2fb5988-21f9-4a98-88e4-35d038992703,
1518,2020-07-26T15:00:00Z,47,NEW,LIV,1920,b2fb5988-21f9-4a98-88e4-35d038992703,
1519,2020-07-26T15:00:00Z,47,SOU,SHU,1920,b2fb5988-21f9-4a98-88e4-35d038992703,
1520,2020-07-26T15:00:00Z,47,WHU,AVL,1920,b2fb5988-21f9-4a98-88e4-35d038992703,
